cast,nickname,store_name,road_address,michelin,category1,spoon,round,parking,Mon,Tue,Wed,Thu,Fri,Sat,Sun,longitude,latitude,naver_url,naver_reservation,catch_table_url,catch_table_reservation,img_url,weight
이태우,국내파스타,421소호,서울 종로구 자하문로11길 6 421소호,,양식,흑수저,1라운드,가능,휴,11:00 - 19:00,11:00 - 19:00,11:00 - 19:00,18:00 - 01:00,11:00 - 15:00 / 18:00 - 01:00,18:00 - 01:00,126.9708972,37.5796798,,False,https://app.catchtable.co.kr/ct/shop/421_soho,True,,
고민영,고프로,8nrm 팔도강산버거,서울 마포구 성미산로27길 71 1층,,양식,흑수저,1라운드,불가,11:30 - 15:00 / 17:30 - 21:00,11:30 - 15:00 / 17:30 - 21:00,11:30 - 15:00 / 17:30 - 21:00,11:30 - 15:00 / 17:30 - 21:00,11:30 - 15:00 / 17:30 - 21:00,11:30 - 21:00,11:30 - 21:00,126.9200941,37.5663729,,False,,False,,
안유성,,가매일식,광주 서구 상무대로 1104-26,,일식,백수저,4라운드,가능,11:30 - 14:00 / 17:30 - 21:30,11:30 - 14:00 / 17:30 - 21:30,11:30 - 14:00 / 17:30 - 21:30,11:30 - 14:00 / 17:30 - 21:30,11:30 - 14:00 / 17:30 - 21:30,11:30 - 14:00 / 17:30 - 21:30,휴,126.8838142,35.1525099,,False,https://app.catchtable.co.kr/ct/shop/gamajp,True,https://contents-cdn.viewus.co.kr/image/2024/09/CP-2022-0168/image-eb125875-4cf2-40b3-81b6-45dcbb829581.jpeg,0.4650346797225622
이창재,골목식당 1호,가야가야,서울 서대문구 이화여대5길 7-3,,일식,흑수저,1라운드,불가,11:00 - 14:50 / 17:00 - 20:00,11:00 - 14:50 / 17:00 - 20:00,11:00 - 14:50 / 17:00 - 20:00,11:00 - 14:50 / 17:00 - 20:00,11:00 - 14:50 / 17:00 - 20:00,11:00 - 14:50 / 17:00 - 20:00,11:00 - 14:50 / 17:00 - 20:00,126.9453967,37.5581756,,False,,False,https://api.nudge-community.com/attachments/7634062,0.8383516931864545
고석현,4.8.100,고씨네고추장찌개,서울 중구 수표로 26 1층,,한식,흑수저,1라운드,불가,11:00 - 14:00 / 17:00 - 24:00,11:00 - 14:00 / 17:00 - 24:00,11:00 - 14:00 / 17:00 - 24:00,11:00 - 14:00 / 17:00 - 24:00,11:00 - 14:00 / 17:00 - 24:00,17:00 - 24:00,17:00 - 24:00,126.9904222,37.5635122,,False,,False,https://ugc-images.catchtable.co.kr/catchtable/shopinfo/sbaaT7WQBOw4Ub5i3mCp4sw/b7deb413876a471aba4eb358b08d6eea,0.4501835985312118
고석현,4.8.100,고씨네고추장찌개 방아실 한남점,서울 용산구 대사관로34길 31-7 1층,,한식,흑수저,1라운드,불가,17:00 - 03:00,17:00 - 03:00,17:00 - 03:00,17:00 - 03:00,17:00 - 03:00,17:00 - 03:00,17:00 - 03:00,127.0061938,37.531991,"https://map.naver.com/p/entry/place/1431640411?c=15.00,0,0,0,dh&placePath=/booking",True,,False,https://ugc-images.catchtable.co.kr/catchtable/shopinfo/sbaaT7WQBOw4Ub5i3mCp4sw/b7deb413876a471aba4eb358b08d6eea,
고석현,4.8.100,고씨네고추장찌개 신논현점,서울 강남구 강남대로122길 16 1층,,한식,흑수저,1라운드,불가,18:00 - 03:00,18:00 - 03:00,18:00 - 03:00,18:00 - 03:00,17:30 - 03:30,17:30 - 03:30,17:30 - 02:00,127.0244054,37.5080184,,False,,False,https://ugc-images.catchtable.co.kr/catchtable/shopinfo/sbaaT7WQBOw4Ub5i3mCp4sw/b7deb413876a471aba4eb358b08d6eea,
안유성,,광주옥1947,광주 서구 상무대로 1104-20,,한식,백수저,4라운드,가능,11:00 - 15:00 / 17:00 - 21:00,11:00 - 15:00 / 17:00 - 21:00,11:00 - 15:00 / 17:00 - 21:00,11:00 - 15:00 / 17:00 - 21:00,11:00 - 15:00 / 17:00 - 21:00,11:00 - 15:00 / 17:00 - 21:00,11:00 - 15:00 / 17:00 - 21:00,126.8835687,35.1524831,,False,,False,https://contents-cdn.viewus.co.kr/image/2024/09/CP-2022-0168/image-eb125875-4cf2-40b3-81b6-45dcbb829581.jpeg,0.7039575683394534
데이비드 리,고기깡패,군몽,서울 용산구 한남대로27가길 15 2층 군몽,,양식,흑수저,2라운드,불가,휴,17:00 - 23:00,17:00 - 23:00,17:00 - 23:00,17:00 - 23:00,11:30 - 14:30 / 17:00 - 23:00,11:30 - 15:00 / 16:00 - 21:00,127.0029219,37.5373938,,False,https://app.catchtable.co.kr/ct/shop/guunmongseoul,True,https://cdn2.ppomppu.co.kr/zboard/data3/2024/0922/m_20240922121541_m4RxMlrOwD.jpeg,0.1746226030191758
남정석,,그린볼,강원 강릉시 산양큰길22번길 30 1층,,양식,백수저,4라운드,가능,휴,10:00 - 14:00 / 17:00 - 20:00,10:00 - 14:00 / 17:00 - 20:00,10:00 - 14:00 / 17:00 - 20:00,10:00 - 14:00 / 17:00 - 20:00,10:00 - 14:00 / 17:00 - 20:00,10:00 - 14:00 / 17:00 - 20:00,128.9174958,37.7787343,,False,,False,https://contents-cdn.viewus.co.kr/image/2024/09/CP-2022-0168/image-2efa8130-ab88-432f-8309-5af22074b2e6.jpeg,
방기수,,깃든,서울 강북구 월계로7나길 46-5 1층 깃든,,한식,백수저,2라운드,불가,11:00 - 22:30,11:00 - 22:30,11:00 - 22:30,11:00 - 22:30,11:00 - 22:30,11:00 - 22:30,휴,127.0316957,37.6132702,"https://map.naver.com/p/entry/place/1540522631?c=15.00,0,0,0,dh&placePath=/booking",True,https://app.catchtable.co.kr/ct/shop/gitdeun_bang,True,https://contents-cdn.viewus.co.kr/image/2024/09/CP-2022-0168/image-8a42faad-9b0b-4ae8-8433-8058f09fe77f.jpeg,0.2066911464708282
박지영,키친갱스터,나우 남영,서울 용산구 원효로89길 23 2층,,양식,흑수저,2라운드,불가,11:30 - 14:30 / 17:00 - 22:00,11:30 - 14:30 / 17:00 - 22:00,11:30 - 14:30 / 17:00 - 22:00,휴,17:00 - 22:00,11:30 - 14:30 / 17:00 - 22:00,11:30 - 14:30 / 17:00 - 22:00,126.9677201,37.5407387,,False,https://app.catchtable.co.kr/ct/shop/nawoo_more.better,True,https://cdn2.ppomppu.co.kr/zboard/data3/2024/0922/m_20240922121552_9q5bmSkE2e.jpeg,0.1364341085271317
박세진,일식 타짜,나카지마 고에몽,서울 영등포구 국회대로54길 10 아크로타워스퀘어 상가동 지하1층 39호,,일식,흑수저,1라운드,가능,19:00 - 22:00,19:00 - 22:00,19:00 - 22:00,19:00 - 22:00,19:00 - 22:00,19:00 - 22:00,19:00 - 22:00,126.9074457,37.5238292,,False,https://app.catchtable.co.kr/ct/shop/goemong,True,https://search.pstatic.net/common/?src=https%3A%2F%2Fldb-phinf.pstatic.net%2F20240927_144%2F1727412818430bxxlz_JPEG%2F1000027258.jpg,0.5999592003263974
고석현,4·8·100,남영동양문 가로수길직영점,서울 강남구 압구정로4길 13-17 1층,,한식,흑수저,1라운드,발렛,11:00 - 23:00,11:00 - 23:00,11:00 - 23:00,11:00 - 23:00,11:00 - 23:00,11:00 - 23:00,11:00 - 23:00,127.0214677,37.5224974,"https://map.naver.com/p/search/%EB%82%A8%EC%98%81%EB%8F%99%EC%96%91%EB%AC%B8%20%EA%B0%80%EB%A1%9C%EC%88%98%EA%B8%B8%EC%A7%81%EC%98%81%EC%A0%90/place/1487617489?c=15.00,0,0,0,dh&placePath=/booking&isCorrectAnswer=true",True,https://app.catchtable.co.kr/ct/shop/yangmoon2022,True,https://ugc-images.catchtable.co.kr/catchtable/shopinfo/sbaaT7WQBOw4Ub5i3mCp4sw/b7deb413876a471aba4eb358b08d6eea,
고석현,4·8·100,남영동양문 구로디지털단지점,서울 구로구 디지털로32나길 22 1층 102호,,한식,흑수저,1라운드,불가,11:00 - 23:00,11:00 - 23:00,11:00 - 23:00,11:00 - 23:00,11:00 - 02:00,11:00 - 02:00,11:00 - 23:00,126.9007086,37.4840106,"https://map.naver.com/p/search/%EB%82%A8%EC%98%81%EB%8F%99%EC%96%91%EB%AC%B8%20%EA%B5%AC%EB%A1%9C%EB%94%94%EC%A7%80%ED%84%B8%EB%8B%A8%EC%A7%80%EC%A0%90/place/1726042089?c=15.00,0,0,0,dh&placePath=/booking&isCorrectAnswer=true",True,https://app.catchtable.co.kr/ct/shop/yangmoon.official,True,https://ugc-images.catchtable.co.kr/catchtable/shopinfo/sbaaT7WQBOw4Ub5i3mCp4sw/b7deb413876a471aba4eb358b08d6eea,
고석현,4·8·100,남영동양문 다산점,"경기 남양주시 다산중앙로123번길 22-74 121,122호",,한식,흑수저,1라운드,가능,15:00 - 01:00,15:00 - 01:00,15:00 - 01:00,15:00 - 01:00,15:00 - 01:00,15:00 - 01:00,12:00 - 23:00,127.1516158,37.6250872,"https://map.naver.com/p/search/%EB%82%A8%EC%98%81%EB%8F%99%EC%96%91%EB%AC%B8%20%EB%8B%A4%EC%82%B0%EC%A0%90/place/1860264112?c=15.00,0,0,0,dh&placePath=/booking&isCorrectAnswer=true",True,https://app.catchtable.co.kr/ct/shop/yangmoon_dasan,True,https://ugc-images.catchtable.co.kr/catchtable/shopinfo/sbaaT7WQBOw4Ub5i3mCp4sw/b7deb413876a471aba4eb358b08d6eea,
고석현,4·8·100,남영동양문 동탄점,경기 화성시 동탄중심상가2길 31 1층,,한식,흑수저,1라운드,가능,11:00 - 05:00,11:00 - 05:00,11:00 - 05:00,11:00 - 05:00,11:00 - 05:00,11:00 - 05:00,11:00 - 02:00,127.0736315,37.2062852,,False,,False,https://ugc-images.catchtable.co.kr/catchtable/shopinfo/sbaaT7WQBOw4Ub5i3mCp4sw/b7deb413876a471aba4eb358b08d6eea,
고석현,4·8·100,남영동양문 미아사거리점,서울 강북구 월계로3길 57 102호,,한식,흑수저,1라운드,불가,11:00 - 15:00 / 17:00 - 23:00,11:00 - 15:00 / 17:00 - 23:00,11:00 - 15:00 / 17:00 - 23:00,11:00 - 15:00 / 17:00 - 23:00,11:00 - 15:00 / 17:00 - 23:00,11:00 - 15:00 / 17:00 - 23:00,11:00 - 15:00 / 17:00 - 23:00,127.0310075,37.6123669,,False,,False,https://ugc-images.catchtable.co.kr/catchtable/shopinfo/sbaaT7WQBOw4Ub5i3mCp4sw/b7deb413876a471aba4eb358b08d6eea,
고석현,4·8·100,남영동양문 반포직영점,"서울 서초구 신반포로 189 반포쇼핑타운 4동 지하층 6, 7, 8, 9호",,한식,흑수저,1라운드,가능,11:30 - 23:00,11:30 - 23:00,11:30 - 23:00,11:30 - 23:00,11:30 - 23:00,11:30 - 23:00,11:30 - 23:00,127.0048933,37.5065445,"https://map.naver.com/p/search/%EB%82%A8%EC%98%81%EB%8F%99%EC%96%91%EB%AC%B8%20%EB%B0%98%ED%8F%AC%EC%A7%81%EC%98%81%EC%A0%90/place/1907547061?c=15.00,0,0,0,dh&placePath=/booking&isCorrectAnswer=true",True,https://app.catchtable.co.kr/ct/shop/yangmoonbp,True,https://ugc-images.catchtable.co.kr/catchtable/shopinfo/sbaaT7WQBOw4Ub5i3mCp4sw/b7deb413876a471aba4eb358b08d6eea,
고석현,4·8·100,남영동양문 배곧점,"경기 시흥시 서울대학로278번길 8 아브뉴프랑 센트럴 레드 1층 B-132, 133호",,한식,흑수저,1라운드,가능,16:00 - 23:00,"16:00 - 23:00(1, 3)",16:00 - 23:00,16:00 - 23:00,16:00 - 23:00,12:00 - 23:00,12:00 - 23:00,126.7265451,37.3696603,,False,,False,https://ugc-images.catchtable.co.kr/catchtable/shopinfo/sbaaT7WQBOw4Ub5i3mCp4sw/b7deb413876a471aba4eb358b08d6eea,
고석현,4·8·100,남영동양문 본점,서울 용산구 한강대로81길 8 1층,,한식,흑수저,1라운드,불가,11:30 - 22:00,11:30 - 22:00,11:30 - 22:00,11:30 - 22:00,11:30 - 22:00,11:30 - 22:00,11:30 - 22:00,126.9718954,37.5431299,https://map.naver.com/p/search/%EB%82%A8%EC%98%81%EB%8F%99%EC%96%91%EB%AC%B8%20%EB%B3%B8%EC%A0%90/place/1134380329?placePath=/booking&isCorrectAnswer=true,True,https://app.catchtable.co.kr/ct/shop/yangmoon2021,True,https://ugc-images.catchtable.co.kr/catchtable/shopinfo/sbaaT7WQBOw4Ub5i3mCp4sw/b7deb413876a471aba4eb358b08d6eea,0.9481436148510812
고석현,4·8·100,남영동양문 부산동래점,부산 동래구 명륜로129번길 56-9 1층,,한식,흑수저,1라운드,불가,16:00 - 02:00,16:00 - 02:00,16:00 - 02:00,16:00 - 02:00,16:00 - 02:00,16:00 - 02:00,16:00 - 02:00,129.0792532,35.2056155,,False,,False,https://ugc-images.catchtable.co.kr/catchtable/shopinfo/sbaaT7WQBOw4Ub5i3mCp4sw/b7deb413876a471aba4eb358b08d6eea,
고석현,4·8·100,남영동양문 상암점,서울 마포구 매봉산로2안길 10 1층,,한식,흑수저,1라운드,가능,11:00 - 01:00,11:00 - 01:00,11:00 - 01:00,11:00 - 01:00,11:00 - 01:00,14:00 - 24:00,14:00 - 24:00,126.8946405,37.5779729,"https://map.naver.com/p/search/%EB%82%A8%EC%98%81%EB%8F%99%EC%96%91%EB%AC%B8%20%EC%83%81%EC%95%94%EC%A0%90/place/1083883755?c=15.00,0,0,0,dh&placePath=/booking&isCorrectAnswer=true",True,,False,https://ugc-images.catchtable.co.kr/catchtable/shopinfo/sbaaT7WQBOw4Ub5i3mCp4sw/b7deb413876a471aba4eb358b08d6eea,
고석현,4·8·100,남영동양문 서대문역점,서울 서대문구 통일로 155 1층,,한식,흑수저,1라운드,불가,17:00 - 23:00,17:00 - 23:00,17:00 - 23:00,17:00 - 23:00,17:00 - 23:00,17:00 - 23:00,17:00 - 23:00,126.9642681,37.5679951,,False,,False,https://ugc-images.catchtable.co.kr/catchtable/shopinfo/sbaaT7WQBOw4Ub5i3mCp4sw/b7deb413876a471aba4eb358b08d6eea,
고석현,4·8·100,남영동양문 선릉직영점,서울 강남구 선릉로76길 24 1층 남영동양문 선릉직영점,,한식,흑수저,1라운드,가능,11:30 - 15:00 / 17:00 - 22:00,11:30 - 15:00 / 17:00 - 22:00,11:30 - 15:00 / 17:00 - 22:00,11:30 - 15:00 / 17:00 - 22:00,11:30 - 15:00 / 17:00 - 22:00,11:30 - 15:00 / 17:00 - 22:00,11:30 - 15:00 / 17:00 - 22:00,127.052548,37.5017344,"https://map.naver.com/p/search/%EB%82%A8%EC%98%81%EB%8F%99%EC%96%91%EB%AC%B8%20%EC%84%A0%EB%A6%89%EC%A7%81%EC%98%81%EC%A0%90/place/1535687353?c=15.00,0,0,0,dh&placePath=/booking&isCorrectAnswer=true",True,https://app.catchtable.co.kr/ct/shop/yangmoonsl,True,https://ugc-images.catchtable.co.kr/catchtable/shopinfo/sbaaT7WQBOw4Ub5i3mCp4sw/b7deb413876a471aba4eb358b08d6eea,
고석현,4·8·100,남영동양문 성수점,"서울 성동구 성수이로 51 1층 103A호, 103B호",,한식,흑수저,1라운드,가능,11:30 - 15:00 / 17:00 - 22:00,11:30 - 15:00 / 17:00 - 22:00,11:30 - 15:00 / 17:00 - 22:00,11:30 - 15:00 / 17:00 - 22:00,11:30 - 15:00 / 17:00 - 22:00,11:30 - 15:00 / 17:00 - 22:00,11:30 - 15:00 / 17:00 - 22:00,127.0551388,37.5403177,"https://map.naver.com/p/search/%EB%82%A8%EC%98%81%EB%8F%99%EC%96%91%EB%AC%B8%20%EC%84%B1%EC%88%98%EC%A0%90/place/1801824267?c=15.00,0,0,0,dh&placePath=/booking&isCorrectAnswer=true",True,https://app.catchtable.co.kr/ct/shop/yangmoon_seongsu,True,https://ugc-images.catchtable.co.kr/catchtable/shopinfo/sbaaT7WQBOw4Ub5i3mCp4sw/b7deb413876a471aba4eb358b08d6eea,
고석현,4·8·100,남영동양문 신당점,서울 중구 퇴계로 409 1층 102호,,한식,흑수저,1라운드,가능,11:30 - 15:00 / 17:00 - 23:00,11:30 - 15:00 / 17:00 - 23:00,11:30 - 15:00 / 17:00 - 23:00,11:30 - 15:00 / 17:00 - 23:00,11:30 - 15:00 / 17:00 - 23:00,11:30 - 15:00 / 17:00 - 23:00,11:30 - 15:00 / 17:00 - 23:00,127.0170216,37.5657682,"https://map.naver.com/p/search/%EB%82%A8%EC%98%81%EB%8F%99%EC%96%91%EB%AC%B8%20%EC%8B%A0%EB%8B%B9%EC%A0%90/place/1324525369?c=15.00,0,0,0,dh&placePath=/booking&isCorrectAnswer=true",True,https://app.catchtable.co.kr/ct/shop/yangmoon,True,https://ugc-images.catchtable.co.kr/catchtable/shopinfo/sbaaT7WQBOw4Ub5i3mCp4sw/b7deb413876a471aba4eb358b08d6eea,
고석현,4·8·100,남영동양문 안산고잔점,"경기 안산시 단원구 광덕3로 167-6 102, 103호",,한식,흑수저,1라운드,가능,16:00 - 24:00,16:00 - 24:00,16:00 - 24:00,16:00 - 24:00,16:00 - 24:00,16:00 - 24:00,16:00 - 24:00,126.8316057,37.3129938,,False,,False,https://ugc-images.catchtable.co.kr/catchtable/shopinfo/sbaaT7WQBOw4Ub5i3mCp4sw/b7deb413876a471aba4eb358b08d6eea,
고석현,4·8·100,남영동양문 역삼점,서울 강남구 언주로93길 21 1층,,한식,흑수저,1라운드,가능,00:00 - 24:00,00:00 - 24:00,00:00 - 24:00,00:00 - 24:00,00:00 - 24:00,00:00 - 24:00,00:00 - 24:00,127.0403397,37.5033218,,False,,False,https://ugc-images.catchtable.co.kr/catchtable/shopinfo/sbaaT7WQBOw4Ub5i3mCp4sw/b7deb413876a471aba4eb358b08d6eea,
고석현,4·8·100,남영동양문 영등포점,서울 영등포구 영등포로 252 1층,,한식,흑수저,1라운드,가능,16:00 - 24:00,16:00 - 24:00,16:00 - 24:00,16:00 - 24:00,16:00 - 24:00,16:00 - 24:00,16:00 - 24:00,126.9092859,37.5188264,"https://map.naver.com/p/search/%EB%82%A8%EC%98%81%EB%8F%99%EC%96%91%EB%AC%B8%20%EC%98%81%EB%93%B1%ED%8F%AC%EC%A0%90/place/1800822929?c=15.00,0,0,0,dh&placePath=/booking&isCorrectAnswer=true",True,,False,https://ugc-images.catchtable.co.kr/catchtable/shopinfo/sbaaT7WQBOw4Ub5i3mCp4sw/b7deb413876a471aba4eb358b08d6eea,
고석현,4·8·100,남영동양문 용인수지구청점,경기 용인시 수지구 풍덕천로147번길 16 1층,,한식,흑수저,1라운드,가능,16:00 - 24:00,16:00 - 24:00,16:00 - 24:00,16:00 - 24:00,16:00 - 24:00,16:00 - 24:00,16:00 - 24:00,127.0967849,37.3253901,"https://map.naver.com/p/search/%EB%82%A8%EC%98%81%EB%8F%99%EC%96%91%EB%AC%B8%20%EC%9A%A9%EC%9D%B8%EC%88%98%EC%A7%80%EA%B5%AC%EC%B2%AD%EC%A0%90/place/1402352254?c=15.00,0,0,0,dh&placePath=/booking&isCorrectAnswer=true",True,,False,https://ugc-images.catchtable.co.kr/catchtable/shopinfo/sbaaT7WQBOw4Ub5i3mCp4sw/b7deb413876a471aba4eb358b08d6eea,
고석현,4·8·100,남영동양문 을지로점,서울 중구 수표로 43 1층,,한식,흑수저,1라운드,불가,11:00 - 14:30 / 17:00 - 22:30,11:00 - 14:30 / 17:00 - 22:30,11:00 - 14:30 / 17:00 - 22:30,11:00 - 14:30 / 17:00 - 22:30,11:00 - 14:30 / 17:00 - 22:30,11:00 - 22:30,11:00 - 22:30,126.989638,37.5651063,"https://map.naver.com/p/search/%EB%82%A8%EC%98%81%EB%8F%99%EC%96%91%EB%AC%B8%20%EC%9D%84%EC%A7%80%EB%A1%9C%EC%A0%90/place/1758846044?c=15.00,0,0,0,dh&placePath=/booking&isCorrectAnswer=true",True,https://app.catchtable.co.kr/ct/shop/yangmoon_euljiro,True,https://ugc-images.catchtable.co.kr/catchtable/shopinfo/sbaaT7WQBOw4Ub5i3mCp4sw/b7deb413876a471aba4eb358b08d6eea,
고석현,4·8·100,남영동양문 일산라페스타점,"경기 고양시 일산동구 고봉로 20-21 양우로데오랜드 B동 108호, 109호",,한식,흑수저,1라운드,가능,11:00 - 05:00,11:00 - 05:00,11:00 - 05:00,11:00 - 05:00,11:00 - 05:00,11:00 - 05:00,11:00 - 05:00,126.7657487,37.6636895,"https://map.naver.com/p/search/%EB%82%A8%EC%98%81%EB%8F%99%EC%96%91%EB%AC%B8%20%EC%9D%BC%EC%82%B0%EB%9D%BC%ED%8E%98%EC%8A%A4%ED%83%80%EC%A0%90/place/1332184794?c=15.00,0,0,0,dh&placePath=/booking&isCorrectAnswer=true",True,https://app.catchtable.co.kr/ct/shop/namyoungdong_,True,https://ugc-images.catchtable.co.kr/catchtable/shopinfo/sbaaT7WQBOw4Ub5i3mCp4sw/b7deb413876a471aba4eb358b08d6eea,
고석현,4·8·100,남영동양문 천안점,"충남 천안시 서북구 불당33길 45 1층 104호, 105호",,한식,흑수저,1라운드,가능,15:30 - 02:30,15:30 - 02:30,15:30 - 02:30,15:30 - 02:30,15:30 - 02:30,15:30 - 02:30,15:30 - 02:30,127.1070823,36.8111094,"https://map.naver.com/p/search/%EB%82%A8%EC%98%81%EB%8F%99%EC%96%91%EB%AC%B8%20%EC%B2%9C%EC%95%88%EC%A0%90/place/1120244691?c=15.00,0,0,0,dh&placePath=/booking&isCorrectAnswer=true",True,,False,https://ugc-images.catchtable.co.kr/catchtable/shopinfo/sbaaT7WQBOw4Ub5i3mCp4sw/b7deb413876a471aba4eb358b08d6eea,
고석현,4·8·100,남영동양문 청주지웰점,충북 청주시 흥덕구 진재로109번길 26 1층,,한식,흑수저,1라운드,불가,16:00 - 24:00,16:00 - 24:00,16:00 - 24:00,16:00 - 24:00,16:00 - 24:00,16:00 - 24:00,16:00 - 24:00,127.4289168,36.6412337,"https://map.naver.com/p/search/%EB%82%A8%EC%98%81%EB%8F%99%EC%96%91%EB%AC%B8%20%EC%B2%AD%EC%A3%BC%EC%A7%80%EC%9B%B0%EC%A0%90/place/1961888068?c=15.00,0,0,0,dh&placePath=/booking&isCorrectAnswer=true",True,,False,https://ugc-images.catchtable.co.kr/catchtable/shopinfo/sbaaT7WQBOw4Ub5i3mCp4sw/b7deb413876a471aba4eb358b08d6eea,
고석현,4·8·100,남영동양문 파주금촌점,"경기 파주시 금빛로 24-10 센터프라자 106, 107호",,한식,흑수저,1라운드,가능,11:00 - 23:00,11:00 - 23:00,11:00 - 23:00,11:00 - 23:00,11:00 - 23:00,11:00 - 23:00,11:00 - 23:00,126.7672704,37.7516432,"https://map.naver.com/p/search/%EB%82%A8%EC%98%81%EB%8F%99%EC%96%91%EB%AC%B8%20%ED%8C%8C%EC%A3%BC%EA%B8%88%EC%B4%8C%EC%A0%90/place/1604683385?c=15.00,0,0,0,dh&placePath=/booking&isCorrectAnswer=true",True,,False,https://ugc-images.catchtable.co.kr/catchtable/shopinfo/sbaaT7WQBOw4Ub5i3mCp4sw/b7deb413876a471aba4eb358b08d6eea,
고석현,4·8·100,남영동양문 판교점,경기 성남시 분당구 대왕판교로 660 2층 235호,,한식,흑수저,1라운드,가능,11:30 - 15:00 / 17:00 - 22:00,11:30 - 15:00 / 17:00 - 22:00,11:30 - 15:00 / 17:00 - 22:00,11:30 - 15:00 / 17:00 - 22:00,11:30 - 15:00 / 17:00 - 22:00,16:30 - 21:30,휴,127.106853,37.4004763,"https://map.naver.com/p/search/%EB%82%A8%EC%98%81%EB%8F%99%EC%96%91%EB%AC%B8%20%ED%8C%90%EA%B5%90%EC%A0%90/place/1327666247?c=15.00,0,0,0,dh&placePath=/booking&isCorrectAnswer=true",True,,False,https://ugc-images.catchtable.co.kr/catchtable/shopinfo/sbaaT7WQBOw4Ub5i3mCp4sw/b7deb413876a471aba4eb358b08d6eea,
고석현,4·8·100,남영동양문 하남미사점,"경기 하남시 미사강변중앙로 220 1층 103, 104호",,한식,흑수저,1라운드,가능,12:00 - 23:00,12:00 - 23:00,12:00 - 23:00,12:00 - 23:00,12:00 - 01:00,12:00 - 01:00,12:00 - 23:00,127.1892311,37.5662872,"https://map.naver.com/p/search/%EB%82%A8%EC%98%81%EB%8F%99%EC%96%91%EB%AC%B8%20%ED%95%98%EB%82%A8%EB%AF%B8%EC%82%AC%EC%A0%90/place/1957587101?c=15.00,0,0,0,dh&placePath=/booking&isCorrectAnswer=true",True,,False,https://ugc-images.catchtable.co.kr/catchtable/shopinfo/sbaaT7WQBOw4Ub5i3mCp4sw/b7deb413876a471aba4eb358b08d6eea,
고석현,4·8·100,남영동양문 한남직영점,서울 용산구 한남대로21길 32,,한식,흑수저,1라운드,가능,16:00 -05:00,16:00 -05:00,16:00 -05:00,16:00 -05:00,16:00 -05:00,16:00 -05:00,16:00 -05:00,127.0063017,37.5334689,,False,,False,https://ugc-images.catchtable.co.kr/catchtable/shopinfo/sbaaT7WQBOw4Ub5i3mCp4sw/b7deb413876a471aba4eb358b08d6eea,
고석현,4·8·100,남영동양문 합정점,서울 마포구 월드컵로 43 1층,,한식,흑수저,1라운드,가능,16:00 - 24:00,16:00 - 24:00,16:00 - 24:00,16:00 - 24:00,16:00 - 24:00,16:00 - 24:00,16:00 - 24:00,126.9117469,37.5531585,"https://map.naver.com/p/search/%EB%82%A8%EC%98%81%EB%8F%99%EC%96%91%EB%AC%B8%20%ED%95%A9%EC%A0%95%EC%A0%90/place/1494582967?c=15.00,0,0,0,dh&placePath=/booking&isCorrectAnswer=true",True,https://app.catchtable.co.kr/ct/shop/yangmoon_hapjeong,True,https://ugc-images.catchtable.co.kr/catchtable/shopinfo/sbaaT7WQBOw4Ub5i3mCp4sw/b7deb413876a471aba4eb358b08d6eea,
고석현,4·8·100,남영동양문 호매실점,경기 수원시 권선구 금곡로 225 딜라이트2차 101호~102호,,한식,흑수저,1라운드,가능,16:00 - 24:00,16:00 - 24:00,16:00 - 24:00,16:00 - 24:00,16:00 - 24:00,16:00 - 24:00,16:00 - 24:00,126.9548294,37.2751529,"https://map.naver.com/p/search/%EB%82%A8%EC%98%81%EB%8F%99%EC%96%91%EB%AC%B8%20%ED%98%B8%EB%A7%A4%EC%8B%A4%EC%A0%90/place/1248723007?c=15.00,0,0,0,dh&placePath=/booking&isCorrectAnswer=true",True,,False,https://ugc-images.catchtable.co.kr/catchtable/shopinfo/sbaaT7WQBOw4Ub5i3mCp4sw/b7deb413876a471aba4eb358b08d6eea,
오준탁,영탉,남영탉,서울 용산구 한강대로80길 12 1층,,기타,흑수저,2라운드,불가,17:00 - 01:00,17:00 - 01:00,17:00 - 01:00,17:00 - 01:00,17:00 - 01:00,17:00 - 01:00,휴,126.9734774,37.5425398,,False,,False,https://cdn2.ppomppu.co.kr/zboard/data3/2024/0922/m_20240922121547_q04UgdkvAz.jpeg,
강병욱,B급 셰프,넘은 봄,제주 제주시 구좌읍 김녕로1길 75-1 1층 넘은봄,,한식,흑수저,1라운드,가능,12:00 - 15:00 / 17:00 - 22:00,12:00 - 15:00 / 17:00 - 22:00,휴,12:00 - 15:00 / 17:00 - 22:00,12:00 - 15:00 / 17:00 - 22:00,12:00 - 15:00 / 17:00 - 22:00,12:00 - 15:00 / 17:00 - 22:00,126.7512896,33.5579833,,False,https://app.catchtable.co.kr/ct/shop/lastspring,True,https://ugc-images.catchtable.co.kr/catchtable/shopinfo/sgoW8Dp0Gh9Dx8u-4BAn0sQ/9835c0bac9234efc9c327ed84f0fff37,0.6463484292125664
고석현,4.8.100,넛츠비어 가로수길직영점,서울 강남구 강남대로158길 26 1층 102호,,중식,흑수저,1라운드,불가,16:00 - 02:00,16:00 - 02:00,16:00 - 02:00,16:00 - 02:00,16:00 - 02:00,16:00 - 02:00,16:00 - 01:00,127.0209252,37.519192,,False,,False,https://ugc-images.catchtable.co.kr/catchtable/shopinfo/sbaaT7WQBOw4Ub5i3mCp4sw/b7deb413876a471aba4eb358b08d6eea,0.7225622195022441
고석현,4.8.100,넛츠비어 다산역점,경기 남양주시 다산중앙로145번길 15 1층 넛츠비어,,중식,흑수저,1라운드,가능,17:00 - 03:00,17:00 - 03:00,17:00 - 03:00,17:00 - 03:00,17:00 - 04:00,17:00 - 04:00,14:00 - 01:00,127.1508124,37.625395,,False,,False,https://ugc-images.catchtable.co.kr/catchtable/shopinfo/sbaaT7WQBOw4Ub5i3mCp4sw/b7deb413876a471aba4eb358b08d6eea,0.7471644226846186
고석현,4·8·100,넛츠비어 미아사거리점,서울 강북구 월계로3길 57 101호,,중식,흑수저,1라운드,불가,17:30 - 01:00,17:30 - 01:00,17:30 - 01:00,17:30 - 01:00,17:30 - 01:00,17:30 - 01:00,17:30 - 01:00,127.0310075,37.6123669,,False,,False,https://ugc-images.catchtable.co.kr/catchtable/shopinfo/sbaaT7WQBOw4Ub5i3mCp4sw/b7deb413876a471aba4eb358b08d6eea,
고석현,4.8.100,넛츠비어 발산점,"서울 강서구 공항대로 247 A동 1층 109, 110호",,중식,흑수저,1라운드,가능,17:00 - 02:00,17:00 - 02:00,17:00 - 02:00,17:00 - 02:00,17:00 - 02:00,17:00 - 02:00,17:00 - 02:00,126.8352391,37.5593135,"https://map.naver.com/p/search/%EB%84%9B%EC%B8%A0%EB%B9%84%EC%96%B4%20%EB%B0%9C%EC%82%B0%EC%A0%90/place/1754574109?c=15.00,0,0,0,dh&placePath=/booking&isCorrectAnswer=true",True,,False,https://ugc-images.catchtable.co.kr/catchtable/shopinfo/sbaaT7WQBOw4Ub5i3mCp4sw/b7deb413876a471aba4eb358b08d6eea,
고석현,4.8.100,넛츠비어 성수본점,서울 성동구 뚝섬로 356 1층,,중식,흑수저,1라운드,가능,17:30 - 01:00,17:30 - 01:00,17:30 - 01:00,17:30 - 01:00,17:30 - 01:00,17:30 - 01:00,17:30 - 01:00,127.0502381,37.5399217,,False,,False,https://ugc-images.catchtable.co.kr/catchtable/shopinfo/sbaaT7WQBOw4Ub5i3mCp4sw/b7deb413876a471aba4eb358b08d6eea,0.8906568747450021
고석현,4.8.100,넛츠비어 속초청초호점,강원 속초시 엑스포로 121-12 1층,,중식,흑수저,1라운드,가능,17:00 - 02:00,17:00 - 02:00,17:00 - 02:00,17:00 - 02:00,17:00 - 02:00,17:00 - 02:00,17:00 - 02:00,128.581208,38.1954581,,False,,False,https://ugc-images.catchtable.co.kr/catchtable/shopinfo/sbaaT7WQBOw4Ub5i3mCp4sw/b7deb413876a471aba4eb358b08d6eea,
고석현,4.8.100,넛츠비어 양재역점,서울 서초구 남부순환로347길 20 지상1층,,중식,흑수저,1라운드,불가,17:30 - 01:00,17:30 - 01:00,17:30 - 01:00,17:30 - 01:00,17:30 - 01:00,17:30 - 01:00,휴,127.0318912,37.4853174,,False,,False,https://ugc-images.catchtable.co.kr/catchtable/shopinfo/sbaaT7WQBOw4Ub5i3mCp4sw/b7deb413876a471aba4eb358b08d6eea,
고석현,4.8.100,넛츠비어 의정부역점,경기 의정부시 시민로122번길 1 1층,,중식,흑수저,1라운드,불가,18:00 - 02:00,18:00 - 02:00,18:00 - 02:00,18:00 - 02:00,18:00 - 03:00,18:00 - 03:00,18:00 - 02:00,127.0487591,37.7382166,,False,,False,https://ugc-images.catchtable.co.kr/catchtable/shopinfo/sbaaT7WQBOw4Ub5i3mCp4sw/b7deb413876a471aba4eb358b08d6eea,
고석현,4.8.100,넛츠비어 인천운서역점,"인천 중구 영종대로 106 101호, 102호",,중식,흑수저,1라운드,가능,16:30 - 03:00,16:30 - 03:00,16:30 - 03:00,16:30 - 03:00,16:30 - 03:00,16:30 - 03:00,16:30 - 03:00,126.4909133,37.4948685,"https://map.naver.com/p/search/%EB%84%9B%EC%B8%A0%EB%B9%84%EC%96%B4%20%EC%9D%B8%EC%B2%9C%EC%9A%B4%EC%84%9C%EC%97%AD%EC%A0%90/place/1255283018?c=15.00,0,0,0,dh&placePath=/booking&isCorrectAnswer=true",True,,False,https://ugc-images.catchtable.co.kr/catchtable/shopinfo/sbaaT7WQBOw4Ub5i3mCp4sw/b7deb413876a471aba4eb358b08d6eea,
고석현,4.8.100,넛츠비어 종각직영점,서울 종로구 종로12길 10 지상1층,,중식,흑수저,1라운드,불가,17:00 - 02:30,17:00 - 04:00,17:00 - 04:00,17:00 - 04:00,17:00 - 04:00,16:00 - 04:00,16:00 - 02:30,126.9856427,37.5696702,,False,,False,https://ugc-images.catchtable.co.kr/catchtable/shopinfo/sbaaT7WQBOw4Ub5i3mCp4sw/b7deb413876a471aba4eb358b08d6eea,0.8243166054671563
장호준,,네기 실비,서울 종로구 새문안로2길 10 디팰리스 B1,,한식,백수저,세미 파이널,가능,11:30 - 15:00 / 17:30 - 22:00,11:30 - 15:00 / 17:30 - 22:00,11:30 - 15:00 / 17:30 - 22:00,11:30 - 15:00 / 17:30 - 22:00,11:30 - 15:00 / 17:30 - 22:00,휴,휴,126.9720468,37.5687024,"https://map.naver.com/p/search/%EB%84%A4%EA%B8%B0%20%EC%8B%A4%EB%B9%84/place/1558813376?c=15.00,0,0,0,dh&placePath=/booking&isCorrectAnswer=true",True,https://app.catchtable.co.kr/ct/shop/negisb,True,https://contents-cdn.viewus.co.kr/image/2024/09/CP-2022-0168/image-d1d04a01-a74b-49e4-91ab-885362a80b4c.jpeg,
장호준,,네기다이닝라운지,서울 강남구 도산대로15길 18 4층 네기다이닝라운지,,일식,백수저,세미 파이널,발렛,18:00 - 23:00,18:00 - 23:00,18:00 - 23:00,18:00 - 23:00,18:00 - 23:00,17:30 - 23:00,17:30 - 23:00,127.0240503,37.5194838,"https://map.naver.com/p/search/%EB%84%A4%EA%B8%B0%EB%8B%A4%EC%9D%B4%EB%8B%9D%EB%9D%BC%EC%9A%B4%EC%A7%80/place/1141137916?c=15.00,0,0,0,dh&placePath=/booking&isCorrectAnswer=true",True,https://app.catchtable.co.kr/ct/shop/negitong,True,https://contents-cdn.viewus.co.kr/image/2024/09/CP-2022-0168/image-d1d04a01-a74b-49e4-91ab-885362a80b4c.jpeg,0.3552427580579356
장호준,,네기라이브,서울 성동구 성수이로 97 5층 일부,,일식,백수저,세미 파이널,발렛,12:00 - 14:00 / 19:00 - 22:00,12:00 - 14:00 / 19:00 - 22:00,12:00 - 14:00 / 19:00 - 22:00,12:00 - 14:00 / 19:00 - 22:00,12:00 - 14:00 / 19:00 - 22:00,12:00 - 14:00 / 19:00 - 22:00,휴,127.0566125,37.5436565,,False,https://app.catchtable.co.kr/ct/shop/negilive,True,https://contents-cdn.viewus.co.kr/image/2024/09/CP-2022-0168/image-d1d04a01-a74b-49e4-91ab-885362a80b4c.jpeg,0.6253365973072216
장호준,,네기스키야키 압구정점,서울 강남구 논현로 854 지하1층 네기스키야키,,일식,백수저,세미 파이널,가능,11:30 - 15:00 / 17:30 - 22:00,11:30 - 15:00 / 17:30 - 22:00,11:30 - 15:00 / 17:30 - 22:00,11:30 - 15:00 / 17:30 - 22:00,11:30 - 15:00 / 17:30 - 22:00,11:30 - 21:00,11:30 - 21:00,127.0288651,37.5253216,"https://map.naver.com/p/search/%EB%84%A4%EA%B8%B0%EC%8A%A4%ED%82%A4%EC%95%BC%ED%82%A4%20%EC%95%95%EA%B5%AC%EC%A0%95%EC%A0%90/place/1705860023?c=15.00,0,0,0,dh&placePath=/booking&isCorrectAnswer=true",True,https://app.catchtable.co.kr/ct/shop/negisgyg,True,https://contents-cdn.viewus.co.kr/image/2024/09/CP-2022-0168/image-d1d04a01-a74b-49e4-91ab-885362a80b4c.jpeg,0.2909424724602203
장호준,,네기우나기야,서울 송파구 잠실로 209 2층 네기우나기야,,일식,백수저,세미 파이널,가능,11:20 - 15:00 / 17:30 - 21:00,11:20 - 15:00 / 17:30 - 21:00,11:20 - 15:00 / 17:30 - 21:00,11:20 - 15:00 / 17:30 - 21:00,11:20 - 15:00 / 17:30 - 21:00,11:20 - 15:00 / 17:30 - 21:00,11:20 - 15:00 / 17:30 - 21:00,127.1063644,37.513871,"https://map.naver.com/p/search/%EB%84%A4%EA%B8%B0%EC%9A%B0%EB%82%98%EA%B8%B0%EC%95%BC/place/1788592238?c=15.00,0,0,0,dh&placePath=/booking&isCorrectAnswer=true",True,https://app.catchtable.co.kr/ct/shop/negiunagiya,True,https://contents-cdn.viewus.co.kr/image/2024/09/CP-2022-0168/image-d1d04a01-a74b-49e4-91ab-885362a80b4c.jpeg,0.647123623011016
우현일,광속 요리사,논데,서울 종로구 종로18길 37 하이뷰디아트 2층,,일식,흑수저,1라운드,가능,18:00 - 22:30,18:00 - 22:30,18:00 - 22:30,18:00 - 22:30,18:00 - 22:30,17:00 - 21:30,17:00 - 21:30,126.9915039,37.568671,,False,https://app.catchtable.co.kr/ct/shop/sushinonde,True,https://ugc-images.catchtable.co.kr/catchtable/shopinfo/sQgoI0HrFxmy7qZ9ydZLSZg/a99ba567afdf4ad8a30e2688b990b3e8,0.8469196246430029
최현석,,달리아 다이닝,서울 강남구 도산대로45길 14 2층 달리아 다이닝,,양식,백수저,세미 파이널,발렛,12:00 - 15:00 / 18:00 - 21:30,12:00 - 15:00 / 18:00 - 21:30,12:00 - 15:00 / 18:00 - 21:30,12:00 - 15:00 / 18:00 - 21:30,12:00 - 15:00 / 18:00 - 21:30,12:00 - 15:00 / 18:00 - 21:30,12:00 - 15:00 / 18:00 - 21:30,127.0357986,37.5232378,"https://map.naver.com/p/search/%EB%8B%AC%EB%A6%AC%EC%95%84%20%EB%8B%A4%EC%9D%B4%EB%8B%9D/place/1040490502?c=15.00,0,0,0,dh&placePath=/booking&isCorrectAnswer=true",True,https://app.catchtable.co.kr/ct/shop/dahlia_dining,True,https://contents-cdn.viewus.co.kr/image/2024/09/CP-2022-0168/image-b60132c7-be2f-4f09-b1af-7546d75fa222.jpeg,0.351937984496124
고석현,4.8.100,대엽,서울 성동구 왕십리로2길 36 1층 3호,,한식,흑수저,1라운드,가능,11:30 - 15:00 / 17:30 - 22:00,11:30 - 15:00 / 17:30 - 22:00,11:30 - 15:00 / 17:30 - 22:00,11:30 - 15:00 / 17:30 - 22:00,11:30 - 15:00 / 17:30 - 22:00,11:30 - 15:00 / 17:30 - 22:00,휴,127.0485607,37.5426102,,False,https://app.catchtable.co.kr/ct/shop/daeyeop,True,https://ugc-images.catchtable.co.kr/catchtable/shopinfo/sbaaT7WQBOw4Ub5i3mCp4sw/b7deb413876a471aba4eb358b08d6eea,0.8574867401060793
김원기,해피버스데이,더 시옷,서울 중구 수표로 30 OK빌딩 2층,,양식,흑수저,1라운드,가능,11:00 - 14:30 / 15:25 - 21:00,11:00 - 14:30 / 15:25 - 21:00,11:00 - 14:30 / 15:25 - 21:00,11:00 - 14:30 / 15:25 - 21:00,11:00 - 14:30 / 15:25 - 21:00,11:00 - 21:00,11:00 - 21:00,126.9904052,37.5638385,"https://map.naver.com/p/entry/place/491496915?c=15.00,0,0,0,dh&placePath=/booking",True,https://app.catchtable.co.kr/ct/shop/thesiot,True,https://ugc-images.catchtable.co.kr/catchtable/shopinfo/sKGinYuLFq97pp1PI6TVXvQ/3ad32480c89c4b09bad344d8c478d806,0.2881272949816402
임태훈,철가방 요리사,도량,"서울 종로구 자하문로6길 6 2, 3층",,중식,흑수저,4라운드,가능,휴,11:00 - 14:30 / 17:00 - 21:30,11:00 - 14:30 / 17:00 - 21:30,11:00 - 14:30 / 17:00 - 21:30,11:00 - 14:30 / 17:00 - 21:30,11:00 - 14:30 / 17:00 - 21:30,11:00 - 14:30 / 17:00 - 21:30,126.9725155,37.5779748,,False,https://app.catchtable.co.kr/ct/shop/dolyang?type=DINING,True,https://cdn2.ppomppu.co.kr/zboard/data3/2024/0922/m_20240922121549_hXTPCH6F6Y.jpeg,0.0209710322317421
윤남노,요리하는 돌아이,디핀,서울 중구 퇴계로 411 1층 디핀,,양식,흑수저,세미 파이널,불가,휴,휴,18:00 - 24:00,18:00 - 24:00,18:00 - 24:00,17:30 - 24:00,17:30 - 24:00,127.0172306,37.5657846,,False,https://app.catchtable.co.kr/ct/shop/deepin,True,https://cdn2.ppomppu.co.kr/zboard/data3/2024/0922/m_20240922121543_6XaT802K3N.jpeg,0.2203998368013056
윤남노,요리하는 돌아이,디핀옥수,서울 성동구 독서당로 194 지하1층,,양식,흑수저,세미 파이널,가능,휴,12:00 - 15:30 / 18:00 - 22:00,12:00 - 15:30 / 18:00 - 22:00,12:00 - 15:30 / 18:00 - 22:00,12:00 - 15:30 / 18:00 - 22:00,12:00 - 15:30 / 18:00 - 22:00,12:00 - 15:30 / 18:00 - 22:00,127.0126678,37.5426952,,False,https://app.catchtable.co.kr/ct/shop/deepin_oksu,True,https://cdn2.ppomppu.co.kr/zboard/data3/2024/0922/m_20240922121543_6XaT802K3N.jpeg,0.1477356181150551
박성우,불꽃 남자,띵스버거,서울 성동구 고산자로8길 20 1층 띵스버거,,양식,흑수저,3라운드,불가,11:30 - 15:00 / 17:00 - 22:00,11:30 - 15:00 / 17:00 - 22:00,11:30 - 15:00 / 17:00 - 22:00,11:30 - 15:00 / 17:00 - 22:00,11:30 - 15:00 / 17:00 - 22:00,11:30 - 15:00 / 17:00 - 22:00,11:30 - 15:00 / 17:00 - 22:00,127.0360318,37.5579621,,False,,False,https://cdn2.ppomppu.co.kr/zboard/data3/2024/0922/m_20240922121543_DdXqTYnfGJ.jpeg,
진우범,코리안타코킹,라까예,서울 중구 퇴계로85길 42 1층 라까예,,양식,흑수저,1라운드,불가,휴,17:00 - 22:00,17:00 - 22:00,17:00 - 22:00,17:00 - 22:00,12:00 - 15:00 / 17:00 - 22:00,12:00 - 15:00 / 17:00 - 22:00,127.0197723,37.5676378,,False,,False,https://ugc-images.catchtable.co.kr/catchtable/shopinfo/sLNG90tNwqllzC4zTt-uUvg/b7e055be335248c8ba206f9141bf69ed,
박준승,시크릿코스,로기,서울 용산구 한남대로27가길 32 201호 로기,,양식,흑수저,1라운드,불가,17:00 - 24:00,17:00 - 24:00,17:00 - 24:00,17:00 - 24:00,12:00 - 15:00 / 17:00 - 24:00,12:00 - 15:00 / 17:00 - 24:00,12:00 - 15:00 / 17:00 - 24:00,127.0025674,37.5381203,,False,https://app.catchtable.co.kr/ct/shop/Logihannam,True,https://ugc-images.catchtable.co.kr/catchtable/shopinfo/sEYzG1KM9D5pmlaHvGQnSNw/14b05954b6d3460eb3505fcda04a9dd6,0.194859241126071
남정석,,로컬릿,서울 성동구 한림말길 33 2층,,양식,백수저,4라운드,불가,11:00 - 15:00 / 17:00 - 21:00,휴,휴,11:00 - 15:00 / 17:00 - 21:00,11:00 - 15:00 / 17:00 - 21:00,11:00 - 21:00,11:00 - 21:00,127.0147495,37.5409746,"https://map.naver.com/p/entry/place/1165324605?c=15.00,0,0,0,dh&placePath=/booking",True,https://app.catchtable.co.kr/ct/shop/local_eat,True,https://contents-cdn.viewus.co.kr/image/2024/09/CP-2022-0168/image-2efa8130-ab88-432f-8309-5af22074b2e6.jpeg,0.2219502243982048
최지형,,리북방,서울 마포구 마포대로1길 16 2층 리북방,2024(셀렉),한식,백수저,4라운드,불가,휴,12:00 - 13:30 / 19:00 - 21:00,12:00 - 13:30 / 19:00 - 21:00,12:00 - 13:30 / 19:00 - 21:00,12:00 - 13:30 / 19:00 - 21:00,12:30 - 14:30 / 17:00 - 21:30,12:30 - 14:30 / 17:00 - 21:30,126.9431357,37.5397175,,False,https://app.catchtable.co.kr/ct/shop/leebukbang,True,https://contents-cdn.viewus.co.kr/image/2024/09/CP-2022-0168/image-a8aded4e-b99d-4b5b-8422-da7ea5f194c9.jpeg,0.1981232150142798
최서우,뷔페집 둘째딸,마늘집,서울 마포구 양화로3길 15 2층 201호,,한식,흑수저,1라운드,불가,11:30 - 15:00 / 17:00 - 22:30,11:30 - 15:00 / 17:00 - 22:30,11:30 - 15:00 / 17:00 - 22:30,11:30 - 15:00 / 17:00 - 22:30,11:30 - 15:00 / 17:00 - 22:30,11:30 - 15:00 / 17:00 - 22:30,11:30 - 15:00 / 17:00 - 22:30,126.9114854,37.5496393,,False,https://app.catchtable.co.kr/ct/shop/maneuljjim,True,https://ugc-images.catchtable.co.kr/catchtable/shopinfo/sX0WvpPd8k_iq_s2GRkNyEg/c0dc0feda72e4e9ca5a97f5abb3b7945,
송하슬람,반찬셰프,마마리다이닝,서울 영등포구 국제금융로 10 IFC몰 L3층 306호,,기타,흑수저,4라운드,가능,11:00 - 15:00 / 17:00 - 22:00,11:00 - 15:00 / 17:00 - 22:00,11:00 - 15:00 / 17:00 - 22:00,11:00 - 15:00 / 17:00 - 22:00,11:00 - 15:00 / 17:00 - 22:00,11:00 - 22:00,11:00 - 22:00,126.9266142,37.5255723,,False,https://app.catchtable.co.kr/ct/shop/mamaleedining,True,https://cdn2.ppomppu.co.kr/zboard/data3/2024/0922/m_20240922121547_JEHUJHbkdP.jpeg,0.5129742962056304
송하슬람,반찬셰프,마마리마켓,서울 성동구 연무장18길 16 1층 마마리마켓,,한식,흑수저,4라운드,가능,17:00 - 24:00,17:00 - 24:00,17:00 - 24:00,17:00 - 24:00,11:00 - 15:00 / 17:00 - 24:00,11:00 - 15:00 / 17:00 - 24:00,휴,127.0619767,37.5393232,,False,https://app.catchtable.co.kr/ct/shop/vingle_restaurant-mingles,True,https://cdn2.ppomppu.co.kr/zboard/data3/2024/0922/m_20240922121547_JEHUJHbkdP.jpeg,0.297796817625459
김도윤,,면서울,서울 강남구 선릉로 805 1층,2025(셀렉),한식,백수저,2라운드,발렛,11:00 - 15:00 / 16:00 - 20:30,11:00 - 15:00 / 16:00 - 20:30,11:00 - 15:00 / 16:00 - 20:30,11:00 - 15:00 / 16:00 - 20:30,11:00 - 15:00 / 16:00 - 20:30,11:00 - 15:00 / 16:00 - 20:30,휴,127.038998,37.524135,,False,,False,https://contents-cdn.viewus.co.kr/image/2024/09/CP-2022-0168/image-3a0e001c-ca6a-4e68-98eb-21415bf0841f.jpeg,0.1266013871889025
장호준,,모던오뎅 신사점,서울 강남구 도산대로17길 10 1층 모던오뎅,,일식,백수저,세미 파이널,발렛,17:30 - 23:30,17:30 - 23:30,17:30 - 23:30,17:30 - 23:30,17:30 - 23:30,17:30 - 24:00,휴,127.0249393,37.5193949,"https://map.naver.com/p/search/%EB%AA%A8%EB%8D%98%EC%98%A4%EB%8E%85%20%EC%8B%A0%EC%82%AC%EC%A0%90/place/1705916422?c=15.00,0,0,0,dh&placePath=/booking&isCorrectAnswer=true",True,https://app.catchtable.co.kr/ct/shop/modern_5,True,https://contents-cdn.viewus.co.kr/image/2024/09/CP-2022-0168/image-d1d04a01-a74b-49e4-91ab-885362a80b4c.jpeg,0.632109343125255
김승민,,모리노아루요,제주 제주시 애월읍 하소로 769-58 모리노아루요,,일식,백수저,2라운드,가능,11:30 - 14:00 / 18:00 - 20:00,11:30 - 14:00 / 18:00 - 20:00,11:30 - 14:00 / 18:00 - 20:00,11:30 - 14:00 / 18:00 - 20:00,11:30 - 14:00 / 18:00 - 20:00,11:30 - 14:00 / 18:00 - 20:00,휴,126.4010706,33.418665,,False,,False,https://contents-cdn.viewus.co.kr/image/2024/09/CP-2022-0168/image-901379a9-94a7-4338-a620-c84eec782a7c.jpeg,
오스틴 강,본업도 잘하는 남자,묵정,서울 중구 퇴계로48길 17 1층,,한식,흑수저,1라운드,가능,휴,17:30 - 23:00,17:30 - 23:00,17:30 - 23:00,17:30 - 23:00,17:30 - 23:00,휴,127.0005226,37.5618161,,False,https://app.catchtable.co.kr/ct/shop/mukjeong,True,https://ugc-images.catchtable.co.kr/catchtable/shopinfo/s4xsj34P8BsslHGjFpQjVPw/e43e80a6d32c4b7b9a2e3b6268efa1bb,
조은빛,쿠킹텔러,문쥬스,서울 서초구 서초대로25길 33 1층 문쥬스,,양식,흑수저,1라운드,불가,11:00 - 15:00 / 18:00 - 22:00,11:00 - 15:00 / 18:00 - 22:00,11:00 - 15:00 / 18:00 - 22:00,11:00 - 15:00 / 18:00 - 22:00,11:00 - 15:00 / 18:00 - 22:00,11:00 - 15:00 / 18:00 - 22:00,휴,126.9934774,37.4892285,"https://map.naver.com/p/search/%EB%AC%B8%EC%A5%AC%EC%8A%A4/place/1402139674?c=15.00,0,0,0,dh&placePath=/booking&isCorrectAnswer=true",True,https://app.catchtable.co.kr/ct/shop/moonjuice,True,https://ugc-images.catchtable.co.kr/catchtable/shopinfo/s1wsiqEI5TtOFcMwY_IWGtg/aa5745787dd843438ca322611e2aa23b,0.4252549979600163
박재현,캠핑맨,미미옥 강남 신논현점,서울 강남구 봉은사로4길 24 1층,,일식,흑수저,1라운드,가능,11:00 - 15:00 / 17:00 - 21:30,11:00 - 15:00 / 17:00 - 21:30,11:00 - 15:00 / 17:00 - 21:30,11:00 - 15:00 / 17:00 - 21:30,11:00 - 15:00 / 17:00 - 21:30,11:00 - 15:00 / 17:00 - 21:30,11:00 - 15:00 / 17:00 - 21:30,127.0264374,37.5032873,,False,https://app.catchtable.co.kr/ct/shop/mimiok_gangnam?type=DINING,True,https://ugc-images.catchtable.co.kr/catchtable/shopinfo/sJOKzhiXNel8QKg1ntZDmyw/b165be8f07d9411bbddb603aa04d55ca,0.2978376172990616
박재현,캠핑맨,미미옥 신용산점,서울 용산구 한강대로15길 27,,일식,흑수저,1라운드,불가,11:00 - 15:00 / 17:00 - 21:30,11:00 - 15:00 / 17:00 - 21:30,11:00 - 15:00 / 17:00 - 21:30,11:00 - 15:00 / 17:00 - 21:30,11:00 - 15:00 / 17:00 - 21:30,11:00 - 21:30,11:00 - 21:30,126.9630051,37.526278,,False,https://app.catchtable.co.kr/ct/shop/mimiok_gangnam?type=DINING,True,https://ugc-images.catchtable.co.kr/catchtable/shopinfo/sJOKzhiXNel8QKg1ntZDmyw/b165be8f07d9411bbddb603aa04d55ca,0.2153406772745818
박재현,캠핑맨,미미옥 울산점,울산 중구 동천1길 40 세영이노세븐 지식산업센터 1층 C동 160호,,기타,흑수저,1라운드,가능,7:00 - 15:00 / 17:00 - 20:30,7:00 - 15:00 / 17:00 - 20:30,7:00 - 15:00 / 17:00 - 20:30,7:00 - 15:00 / 17:00 - 20:30,7:00 - 15:00 / 17:00 - 20:30,7:00 - 15:00 / 17:00 - 20:30,7:00 - 15:00 / 17:00 - 20:30,129.3459126,35.584778,,False,,False,https://ugc-images.catchtable.co.kr/catchtable/shopinfo/sJOKzhiXNel8QKg1ntZDmyw/b165be8f07d9411bbddb603aa04d55ca,0.5876784985720115
장지수,청와대 셰프,미트컬쳐,강원 강릉시 경강로 2629 1층,,양식,흑수저,1라운드,불가,11:30 - 15:00 / 17:30 - 22:00,휴,휴,11:30 - 15:00 / 17:30 - 22:00,11:30 - 15:00 / 17:30 - 22:00,11:30 - 15:00 / 17:30 - 22:00,11:30 - 15:00 / 17:30 - 22:00,128.9467873,37.7721648,,False,https://app.catchtable.co.kr/ct/shop/meat_culture,True,https://ugc-images.catchtable.co.kr/catchtable/shopinfo/sX0U7REvF5SSk9J3eucfTgg/3e67c22850d44c6bac3da88c6c2a533d,0.2719298245614035
고석현,4.8.100,방아실 연탄구이,서울 성동구 왕십리로2길 38 1층,,한식,흑수저,1라운드,가능,11:30 - 03:00,11:30 - 03:00,11:30 - 03:00,11:30 - 03:00,11:30 - 03:00,11:30 - 03:00,11:30 - 03:00,127.0487575,37.5426059,,False,https://app.catchtable.co.kr/ct/shop/bangasil,True,https://ugc-images.catchtable.co.kr/catchtable/shopinfo/sbaaT7WQBOw4Ub5i3mCp4sw/b7deb413876a471aba4eb358b08d6eea,0.6674010607915137
박재현,캠핑맨,버거보이 성수낙낙점,서울 성동구 아차산로17길 48 1층 R113호,,양식,흑수저,1라운드,불가,11:00 - 21:00,11:00 - 21:00,11:00 - 21:00,11:00 - 21:00,11:00 - 21:00,11:00 - 21:00,11:00 - 21:00,127.0658895,37.5463938,,False,,False,https://ugc-images.catchtable.co.kr/catchtable/shopinfo/sJOKzhiXNel8QKg1ntZDmyw/b165be8f07d9411bbddb603aa04d55ca,0.6736434108527132
강기복,안산 백종원,보꾸,경기 안산시 단원구 광덕서로 48 108호,,일식,흑수저,1라운드,불가,휴,휴,18:00 - 01:00,18:00 - 01:00,18:00 - 01:00,18:00 - 01:00,18:00 - 01:00,126.8272879,37.3088953,"https://map.naver.com/p/entry/place/1655122335?c=15.00,0,0,0,dh&placePath=/booking",True,,False,https://ugc-images.catchtable.co.kr/catchtable/shopinfo/sD5Todrtv9WM_Qf4oAQ3gig/ebb5f73aa2b342abb1f43c600a567d71,
배경준,원투쓰리,본연,서울 강남구 논현로 742 7층,,한식,흑수저,2라운드,가능,휴,17:30 - 23:00,17:30 - 23:00,17:30 - 23:00,17:30 - 23:00,17:30 - 23:00,휴,127.0292407,37.5182879,,False,https://app.catchtable.co.kr/ct/shop/bornyon,True,https://cdn2.ppomppu.co.kr/zboard/data3/2024/0922/m_20240922121553_J6TB4fPrec.jpeg,0.4052223582211343
임희원,셀럽의 셰프,부토,서울 용산구 한남대로27가길 32 지2층,,기타,흑수저,2라운드,불가,휴,18:00 - 22:30,18:00 - 22:30,18:00 - 22:30,18:00 - 22:30,18:00 - 22:30,휴,127.0025674,37.5381203,,False,https://app.catchtable.co.kr/ct/shop/butohannam,True,https://cdn2.ppomppu.co.kr/zboard/data3/2024/0922/m_20240922121545_exXa4Gygy9.jpeg,0.4519787841697267
고석현,4·8·100,불끈,서울 마포구 토정로35길 11 지1층 B01호,,한식,흑수저,1라운드,가능,11:30 - 14:00 / 18:00 - 22:00,11:30 - 14:00 / 18:00 - 22:00,11:30 - 14:00 / 18:00 - 22:00,11:30 - 14:00 / 18:00 - 22:00,11:30 - 14:00 / 18:00 - 22:00,11:30 - 14:00 / 18:00 - 22:00,11:30 - 14:00 / 18:00 - 22:00,126.9439265,37.5405085,"https://map.naver.com/p/entry/place/1303954275?c=15.00,0,0,0,dh&placePath=/booking",True,https://app.catchtable.co.kr/ct/shop/bulkkeun,True,https://ugc-images.catchtable.co.kr/catchtable/shopinfo/sbaaT7WQBOw4Ub5i3mCp4sw/b7deb413876a471aba4eb358b08d6eea,0.4079559363525091
김봉수,봉주부,블그레,서울 강남구 논현로175길 101-4 4층,,기타,흑수저,1라운드,발렛,휴,17:00 - 24:00,17:00 - 24:00,17:00 - 24:00,17:00 - 24:00,17:00 - 24:00,휴,127.0210251,37.5224806,"https://map.naver.com/p/search/%EB%B8%94%EA%B7%B8%EB%A0%88/place/1804965360?c=15.00,0,0,0,dh&placePath=/booking&isCorrectAnswer=true",True,https://app.catchtable.co.kr/ct/shop/blgre_sinsa,True,https://ugc-images.catchtable.co.kr/catchtable/shopinfo/sdlWEwgyPWXhzpoKQXMoDPw/b71eb7e63fe044ada5a69447eb395661,0.5096287229702163
여경래,,블루샹하이,경기 성남시 분당구 정자일로 197,,중식,백수저,2라운드,가능,11:30 - 15:00 / 17:00  - 22:00,11:30 - 15:00 / 17:00  - 22:00,11:30 - 15:00 / 17:00  - 22:00,11:30 - 15:00 / 17:00  - 22:00,11:30 - 15:00 / 17:00  - 22:00,11:30 - 22:00,11:30 - 22:00,127.1055292,37.3680356,,False,,False,https://contents-cdn.viewus.co.kr/image/2024/09/CP-2022-0168/image-813e0074-a1c4-421f-af1b-1991096bc678.jpeg,0.4922480620155039
여경래,,블루샹하이 동탄점,경기 화성시 동탄대로23길 121 동탄우미브릭스톤 112호,,중식,백수저,2라운드,가능,11:00 - 15:00 / 17:00 - 22:00,11:00 - 15:00 / 17:00 - 22:00,11:00 - 15:00 / 17:00 - 22:00,11:00 - 15:00 / 17:00 - 22:00,11:00 - 15:00 / 17:00 - 22:00,11:00 - 22:00,11:00 - 22:00,127.0970118,37.2109567,,False,,False,https://contents-cdn.viewus.co.kr/image/2024/09/CP-2022-0168/image-813e0074-a1c4-421f-af1b-1991096bc678.jpeg,
권성준,나폴리 맛피아,비아 톨레도 파스타바,서울 용산구 원효로83길 7-2 1층,,양식,흑수저,우승자,가능,휴,17:00 - 22:00,17:00 - 22:00,17:00 - 22:00,17:00 - 22:00,17:00 - 22:00,휴,126.9677538,37.5400463,,False,https://app.catchtable.co.kr/ct/shop/viatoledo,True,https://cdn2.ppomppu.co.kr/zboard/data3/2024/0922/m_20240922121542_CmTSF7OLNd.jpeg,0.7067727458180335
방기수,,비채나,서울 송파구 올림픽로 300 롯데월드타워 81층,2024(1),한식,백수저,2라운드,발렛,11:30 - 15:00 / 18:00 - 22:00,11:30 - 15:00 / 18:00 - 22:00,11:30 - 15:00 / 18:00 - 22:00,11:30 - 15:00 / 18:00 - 22:00,11:30 - 15:00 / 18:00 - 22:00,11:30 - 15:00 / 18:00 - 22:00,11:30 - 15:00 / 18:00 - 22:00,127.1025625,37.5125702,,False,,False,https://contents-cdn.viewus.co.kr/image/2024/09/CP-2022-0168/image-8a42faad-9b0b-4ae8-8433-8058f09fe77f.jpeg,0.5876784985720115
강기복,안산 백종원,뽁식당 고잔점,경기 안산시 단원구 광덕대로 151 101~102호,,양식,흑수저,1라운드,가능,11:00 - 15:30 / 17:00 - 22:00,11:00 - 15:30 / 17:00 - 22:00,11:00 - 15:30 / 17:00 - 22:00,11:00 - 15:30 / 17:00 - 22:00,11:00 - 15:30 / 17:00 - 22:00,11:00 - 22:00,11:00 - 22:00,126.82903,37.3101151,"https://map.naver.com/p/search/%EB%BD%81%EC%8B%9D%EB%8B%B9%20%EA%B3%A0%EC%9E%94%EC%A0%90/place/1452239355?placePath=/booking&isCorrectAnswer=true&c=15.00,0,0,0,dh",True,https://app.catchtable.co.kr/ct/shop/bbok__gojan,True,https://ugc-images.catchtable.co.kr/catchtable/shopinfo/sD5Todrtv9WM_Qf4oAQ3gig/ebb5f73aa2b342abb1f43c600a567d71,0.3020399836801306
강기복,안산 백종원,뽁식당 구월점,인천 남동구 남동대로747번길 7 희망오피스텔 2층 뽁식당,,양식,흑수저,1라운드,불가,11:00 - 15:30 / 17:00 - 22:00,11:00 - 15:30 / 17:00 - 22:00,11:00 - 15:30 / 17:00 - 22:00,11:00 - 15:30 / 17:00 - 22:00,11:00 - 15:30 / 17:00 - 22:00,11:00 - 22:00,11:00 - 22:00,126.7069018,37.4489895,"https://map.naver.com/p/search/%EB%BD%81%EC%8B%9D%EB%8B%B9%20%EA%B5%AC%EC%9B%94%EC%A0%90/place/1826265736?c=15.00,0,0,0,dh&placePath=/booking&isCorrectAnswer=true",True,https://app.catchtable.co.kr/ct/shop/bbok_guwol,True,https://ugc-images.catchtable.co.kr/catchtable/shopinfo/sD5Todrtv9WM_Qf4oAQ3gig/ebb5f73aa2b342abb1f43c600a567d71,0.5762137902896778
강기복,안산 백종원,뽁식당 배곧점,경기 시흥시 서울대학로264번길 25 블루동 2층 뽁식당,,양식,흑수저,1라운드,가능,11:00 - 15:30 / 17:00 - 22:00,11:00 - 15:30 / 17:00 - 22:00,11:00 - 15:30 / 17:00 - 22:00,11:00 - 15:30 / 17:00 - 22:00,11:00 - 15:30 / 17:00 - 22:00,11:00 - 22:00,11:00 - 22:00,126.72734,37.3683673,"https://map.naver.com/p/search/%EB%BD%81%EC%8B%9D%EB%8B%B9%20%EB%B0%B0%EA%B3%A7%EC%A0%90/place/1011567535?c=15.00,0,0,0,dh&placePath=/booking&isCorrectAnswer=true",True,https://app.catchtable.co.kr/ct/shop/bbok_baegot,True,https://ugc-images.catchtable.co.kr/catchtable/shopinfo/sD5Todrtv9WM_Qf4oAQ3gig/ebb5f73aa2b342abb1f43c600a567d71,
강기복,안산 백종원,뽁식당 범계점,경기 안양시 동안구 평촌대로223번길 49 아트타워빌딩 지하2층,,양식,흑수저,1라운드,가능,11:00 - 15:30 / 17:00 - 22:00,11:00 - 15:30 / 17:00 - 22:00,11:00 - 15:30 / 17:00 - 22:00,11:00 - 15:30 / 17:00 - 22:00,11:00 - 15:30 / 17:00 - 22:00,11:00 - 22:00,11:00 - 22:00,126.9530776,37.3903589,"https://map.naver.com/p/search/%EB%BD%81%EC%8B%9D%EB%8B%B9%20%EB%B2%94%EA%B3%84%EC%A0%90/place/1565582953?c=15.00,0,0,0,dh&placePath=/booking&isCorrectAnswer=true",True,,False,https://ugc-images.catchtable.co.kr/catchtable/shopinfo/sD5Todrtv9WM_Qf4oAQ3gig/ebb5f73aa2b342abb1f43c600a567d71,0.9772745818033456
강기복,안산 백종원,뽁식당 부평점,인천 부평구 부평문화로80번길 15 1~2층,,양식,흑수저,1라운드,가능,11:00 - 22:00,11:00 - 22:00,11:00 - 22:00,11:00 - 22:00,11:00 - 22:00,11:00 - 22:00,11:00 - 22:00,126.7251187,37.4934482,"https://map.naver.com/p/search/%EB%BD%81%EC%8B%9D%EB%8B%B9%20%EB%B6%80%ED%8F%89%EC%A0%90/place/1108730357?c=15.00,0,0,0,dh&placePath=/booking&isCorrectAnswer=true",True,,False,https://ugc-images.catchtable.co.kr/catchtable/shopinfo/sD5Todrtv9WM_Qf4oAQ3gig/ebb5f73aa2b342abb1f43c600a567d71,0.240187678498572
강기복,안산 백종원,뽁식당 수원 금곡동점,경기 수원시 권선구 금곡로196번길 62 SJ타워 1층 109호~111호,,양식,흑수저,1라운드,가능,11:00 - 15:30 / 17:00 - 22:00,11:00 - 15:30 / 17:00 - 22:00,11:00 - 15:30 / 17:00 - 22:00,11:00 - 15:30 / 17:00 - 22:00,11:00 - 15:30 / 17:00 - 22:00,11:00 - 22:00,11:00 - 22:00,126.9547522,37.2732778,"https://map.naver.com/p/search/%EB%BD%81%EC%8B%9D%EB%8B%B9%20%EC%88%98%EC%9B%90%20%EA%B8%88%EA%B3%A1%EB%8F%99%EC%A0%90/place/1893036494?c=15.00,0,0,0,dh&placePath=/booking&isCorrectAnswer=true",True,https://app.catchtable.co.kr/ct/shop/bbok__homaesil?type=DINING,True,https://ugc-images.catchtable.co.kr/catchtable/shopinfo/sD5Todrtv9WM_Qf4oAQ3gig/ebb5f73aa2b342abb1f43c600a567d71,0.910403916768666
강기복,안산 백종원,뽁식당 신촌점,서울 서대문구 연세로5나길 24 1층~4층,,양식,흑수저,1라운드,불가,11:00 - 21:00,11:00 - 21:00,11:00 - 21:00,11:00 - 21:00,11:00 - 21:00,11:00 - 21:00,11:00 - 21:00,126.9348603,37.5570525,"https://map.naver.com/p/search/%EB%BD%81%EC%8B%9D%EB%8B%B9%20%EC%8B%A0%EC%B4%8C%EC%A0%90/place/1241958018?c=15.00,0,0,0,dh&placePath=/booking&isCorrectAnswer=true",True,https://app.catchtable.co.kr/ct/shop/bbok_sinchon,True,https://ugc-images.catchtable.co.kr/catchtable/shopinfo/sD5Todrtv9WM_Qf4oAQ3gig/ebb5f73aa2b342abb1f43c600a567d71,0.3316605467156263
강기복,안산 백종원,뽁식당 진주점,경남 진주시 에나로 85 씨아이씨라이프 101~102호,,양식,흑수저,1라운드,가능,11:30 - 14:50 / 16:30 - 21:30,11:30 - 14:50 / 16:30 - 21:30,11:30 - 14:50 / 16:30 - 21:30,11:30 - 14:50 / 16:30 - 21:30,11:30 - 14:50 / 16:30 - 21:30,11:30 - 21:30,11:30 - 21:30,128.138563,35.1776649,https://map.naver.com/p/search/%EB%BD%81%EC%8B%9D%EB%8B%B9%20%EC%A7%84%EC%A3%BC%EC%A0%90/place/1053616012?placePath=/booking&isCorrectAnswer=true,True,,False,https://ugc-images.catchtable.co.kr/catchtable/shopinfo/sD5Todrtv9WM_Qf4oAQ3gig/ebb5f73aa2b342abb1f43c600a567d71,0.8912688698490412
강기복,안산 백종원,뽁식당 트리플스트리트점,인천 연수구 송도과학로16번길 33-3 송도 트리플스트리트 C동 B2층 B204호,,양식,흑수저,1라운드,가능,10:30 - 21:30,10:30 - 21:30,10:30 - 21:30,10:30 - 21:30,10:30 - 21:30,10:30 - 21:30,10:30 - 21:30,126.6609571,37.3797884,"https://map.naver.com/p/search/%EB%BD%81%EC%8B%9D%EB%8B%B9%20%ED%8A%B8%EB%A6%AC%ED%94%8C%EC%8A%A4%ED%8A%B8%EB%A6%AC%ED%8A%B8%EC%A0%90/place/1041518979?placePath=/booking&isCorrectAnswer=true&c=15.00,0,0,0,dh",True,https://app.catchtable.co.kr/ct/shop/bbok_triplestreet?type=DINING,True,https://ugc-images.catchtable.co.kr/catchtable/shopinfo/sD5Todrtv9WM_Qf4oAQ3gig/ebb5f73aa2b342abb1f43c600a567d71,
강기복,안산 백종원,뽁식당 평거점,경남 진주시 새평거로 129 1층 뽁식당,,양식,흑수저,1라운드,가능,11:30 - 15:00 / 16:30 - 21:30,11:30 - 15:00 / 16:30 - 21:30,11:30 - 15:00 / 16:30 - 21:30,11:30 - 15:00 / 16:30 - 21:30,11:30 - 15:00 / 16:30 - 21:30,11:30 - 15:00 / 16:30 - 21:30,11:30 - 15:00 / 16:30 - 21:30,128.0610793,35.1709072,https://map.naver.com/p/search/%EB%BD%81%EC%8B%9D%EB%8B%B9%20%ED%8F%89%EA%B1%B0%EC%A0%90/place/1799917307?placePath=/booking&isCorrectAnswer=true,True,,False,https://ugc-images.catchtable.co.kr/catchtable/shopinfo/sD5Todrtv9WM_Qf4oAQ3gig/ebb5f73aa2b342abb1f43c600a567d71,
강기복,안산 백종원,뽁식당 행궁동점,경기 수원시 팔달구 신풍로 34-1 1층 뽁식당 행궁동점,,양식,흑수저,1라운드,불가,11:00 - 21:00,11:00 - 21:00,11:00 - 21:00,11:00 - 21:00,11:00 - 21:00,11:00 - 21:00,11:00 - 21:00,127.0150058,37.2840421,"https://map.naver.com/p/search/%EB%BD%81%EC%8B%9D%EB%8B%B9%20%ED%96%89%EA%B6%81%EB%8F%99%EC%A0%90/place/1294194475?c=15.00,0,0,0,dh&placePath=/booking&isCorrectAnswer=true",True,https://app.catchtable.co.kr/ct/shop/bbok_haenggungdong,True,https://ugc-images.catchtable.co.kr/catchtable/shopinfo/sD5Todrtv9WM_Qf4oAQ3gig/ebb5f73aa2b342abb1f43c600a567d71,0.2315381476948184
장한이,프렌치돌,사브서울,서울 강남구 논현로175길 6 B1,,양식,흑수저,1라운드,발렛,18:00 - 24:00,18:00 - 24:00,18:00 - 24:00,18:00 - 01:00,18:00 - 01:00,18:00 - 01:00,휴,127.0279356,37.526372,,False,https://app.catchtable.co.kr/ct/shop/sav_seoul,True,https://ugc-images.catchtable.co.kr/catchtable/shopinfo/s-QZKXk3LmIy9CrPuZ99v0g/7e045e9bf5824eb8aacec771f0db0cce,0.498531211750306
강기복,안산 백종원,소굿,경기 안산시 단원구 광덕2로 163-11 111호 엘레베이터 맞은편,,양식,흑수저,1라운드,가능,휴,휴,17:00 - 24:00,17:00 - 24:00,17:00 - 24:00,17:00 - 24:00,17:00 - 24:00,126.8285044,37.3109307,"https://map.naver.com/p/entry/place/1240206856?c=15.00,0,0,0,dh&placePath=/booking",True,https://app.catchtable.co.kr/ct/shop/sogood,True,https://ugc-images.catchtable.co.kr/catchtable/shopinfo/sD5Todrtv9WM_Qf4oAQ3gig/ebb5f73aa2b342abb1f43c600a567d71,
조지 더럼,잠봉뵈르맨,소금집델리 망원,서울 마포구 월드컵로19길 14 2층,,양식,흑수저,1라운드,불가,11:00 - 21:00,11:00 - 21:00,11:00 - 21:00,11:00 - 21:00,11:00 - 21:00,11:00 - 21:00,11:00 - 21:00,126.9082291,37.5568281,,False,,False,https://i.namu.wiki/i/-3L0XvQbsuUrBUFD9nB_I81krS_B-Ra_C2_yi7A3B8V78BjTWz978j2U2nJvz7V5SyVOiDsTGDBQDDJn7kaAzju5IOKZJEOV-4IKP9qnfWnPE0sRmhWJmQjN88iSTiTOzIPeh_BiWdW8Odvk1VcYqg.webp,0.4687066503467972
조지 더럼,잠봉뵈르맨,소금집델리 센터필드점,서울 강남구 테헤란로 231 센터필드 EAST 2층 E208호,,양식,흑수저,1라운드,가능,09:00 - 20:00,09:00 - 20:00,09:00 - 20:00,09:00 - 20:00,09:00 - 20:00,09:00 - 20:00,09:00 - 20:00,127.0413566,37.5028813,,False,,False,https://i.namu.wiki/i/-3L0XvQbsuUrBUFD9nB_I81krS_B-Ra_C2_yi7A3B8V78BjTWz978j2U2nJvz7V5SyVOiDsTGDBQDDJn7kaAzju5IOKZJEOV-4IKP9qnfWnPE0sRmhWJmQjN88iSTiTOzIPeh_BiWdW8Odvk1VcYqg.webp,
조지 더럼,잠봉뵈르맨,소금집델리 스타필드 수원,경기 수원시 장안구 수성로 175 수원스타필드 1층,,양식,흑수저,1라운드,가능,10:00 - 22:00,10:00 - 22:00,10:00 - 22:00,10:00 - 22:00,10:00 - 22:00,10:00 - 22:00,10:00 - 22:00,126.9915605,37.2873924,,False,,False,https://i.namu.wiki/i/-3L0XvQbsuUrBUFD9nB_I81krS_B-Ra_C2_yi7A3B8V78BjTWz978j2U2nJvz7V5SyVOiDsTGDBQDDJn7kaAzju5IOKZJEOV-4IKP9qnfWnPE0sRmhWJmQjN88iSTiTOzIPeh_BiWdW8Odvk1VcYqg.webp,0.6894328845369238
조지 더럼,잠봉뵈르맨,소금집델리 안국,서울 종로구 북촌로4길 19 1층,,양식,흑수저,1라운드,불가,11:00 - 21:00,11:00 - 21:00,11:00 - 21:00,11:00 - 21:00,11:00 - 21:00,11:00 - 21:00,11:00 - 21:00,126.9862452,37.5794473,,False,,False,https://i.namu.wiki/i/-3L0XvQbsuUrBUFD9nB_I81krS_B-Ra_C2_yi7A3B8V78BjTWz978j2U2nJvz7V5SyVOiDsTGDBQDDJn7kaAzju5IOKZJEOV-4IKP9qnfWnPE0sRmhWJmQjN88iSTiTOzIPeh_BiWdW8Odvk1VcYqg.webp,0.8905752753977969
조지 더럼,잠봉뵈르맨,소금집델리 현대백화점 무역센터점,서울 강남구 테헤란로 517 현대식품관 B1층,,양식,흑수저,1라운드,가능,10:30 - 20:30,10:30 - 20:30,10:30 - 20:30,10:30 - 20:30,10:30 - 20:30,10:30 - 20:30,10:30 - 20:30,127.0598879,37.5086329,,False,,False,https://i.namu.wiki/i/-3L0XvQbsuUrBUFD9nB_I81krS_B-Ra_C2_yi7A3B8V78BjTWz978j2U2nJvz7V5SyVOiDsTGDBQDDJn7kaAzju5IOKZJEOV-4IKP9qnfWnPE0sRmhWJmQjN88iSTiTOzIPeh_BiWdW8Odvk1VcYqg.webp,
박재현,캠핑맨,쇼니노,서울 용산구 한강대로21길 17-18 1층,,양식,흑수저,1라운드,불가,10:00 - 16:00 / 18:00 - 22:00,10:00 - 16:00 / 18:00 - 22:00,10:00 - 16:00 / 18:00 - 22:00,10:00 - 16:00 / 18:00 - 22:00,10:00 - 16:00 / 18:00 - 24:00,10:00 - 17:30 / 18:00 - 24:00,09:00 - 20:00,126.9634323,37.5263392,,False,https://app.catchtable.co.kr/ct/shop/shawnino,True,https://ugc-images.catchtable.co.kr/catchtable/shopinfo/sJOKzhiXNel8QKg1ntZDmyw/b165be8f07d9411bbddb603aa04d55ca,0.2700122399020808
우현일,광속 요리사,스낵바 논데,서울 성동구 왕십리로 58 1층 108호,,일식,흑수저,1라운드,가능,휴,18:00 - 23:00,18:00 - 23:00,18:00 - 23:00,18:00 - 23:00,17:00 - 23:00,휴,127.0452444,37.5427172,,False,https://app.catchtable.co.kr/ct/shop/snackbar_nonde,True,https://ugc-images.catchtable.co.kr/catchtable/shopinfo/sQgoI0HrFxmy7qZ9ydZLSZg/a99ba567afdf4ad8a30e2688b990b3e8,0.5717666258669931
박세진,일식 타짜,스낵바세이지 어부bar,서울 은평구 연서로25길 20-4 스낵바세이지 어부바,,일식,흑수저,1라운드,가능,휴,18:00 - 01:00,18:00 - 01:00,18:00 - 01:00,18:00 - 01:00,18:00 - 01:00,18:00 - 01:00,126.9171665,37.6174064,,False,,False,https://search.pstatic.net/common/?src=https%3A%2F%2Fldb-phinf.pstatic.net%2F20240927_144%2F1727412818430bxxlz_JPEG%2F1000027258.jpg,
박준승,야키토리왕,스큐어,서울 용산구 한남대로27가길 26-14 101호,,일식,흑수저,1라운드,가능,휴,휴,17:30 - 02:00,17:30 - 02:00,17:30 - 02:00,17:30 - 02:00,17:30 - 02:00,127.0028825,37.538137,,False,https://app.catchtable.co.kr/ct/shop/skewerhannam,True,https://ugc-images.catchtable.co.kr/catchtable/shopinfo/sEYzG1KM9D5pmlaHvGQnSNw/14b05954b6d3460eb3505fcda04a9dd6,0.6332925336597308
최강록,,식당네오,서울 송파구 삼전로12길 4 101호,,일식,백수저,3라운드,가능,휴,19:00 - 21:00,19:00 - 21:00,19:00 - 21:00,18:00 - 20:00,18:00 - 20:00,휴,127.0903963,37.5064034,,False,https://app.catchtable.co.kr/ct/shop/neo_,True,https://contents-cdn.viewus.co.kr/image/2024/09/CP-2022-0168/image-c839fcdd-0eba-4d67-853b-2fd78e90fe5e.jpeg,0.3088943288453692
박세진,일식 타짜,심야식당세이지 연신내본점,서울 은평구 연서로27길 13-6 심야식당세이지,,일식,흑수저,1라운드,가능,18:00 - 01:00,18:00 - 01:00,18:00 - 01:00,18:00 - 01:00,17:00 - 02:00,17:00 - 02:00,17:00 - 02:00,126.9175968,37.6179127,,False,,False,https://search.pstatic.net/common/?src=https%3A%2F%2Fldb-phinf.pstatic.net%2F20240927_144%2F1727412818430bxxlz_JPEG%2F1000027258.jpg,
코바야시 스스무,제빵 요리사,아오이토리,서울 마포구 와우산로29길 8 K.C빌딩,,양식,흑수저,1라운드,불가,09:00 - 21:00,09:00 - 21:00,09:00 - 21:00,09:00 - 21:00,09:00 - 21:00,09:00 - 21:00,09:00 - 21:00,126.9294574,37.55478,,False,,False,https://search.pstatic.net/common?type=b&size=3000&quality=100&direct=true&src=http%3A%2F%2Fsstatic.naver.net%2Fpeople%2FprofileImg%2Fc601028d-7ac9-4aca-9d8c-d7a64fe96ee0.png,0.4445532435740514
박건순,통닭맨,아타리,서울 성동구 성덕정19길 13 1층,,일식,흑수저,1라운드,불가,18:00 - 23:00,18:00 - 23:00,18:00 - 23:00,18:00 - 23:00,18:00 - 23:00,18:00 - 23:00,18:00 - 23:00,127.0566907,37.5375638,,False,https://app.catchtable.co.kr/ct/shop/dd_atari,True,https://ugc-images.catchtable.co.kr/catchtable/shopinfo/sG_OOmfyzAGb7rL5JSB9mMg/eca6027dd9aa41c18a0757501872460e,0.5026111791105672
김미령,이모카세 1호,안동집 손칼국시,서울 동대문구 고산자로36길 3 신관 지하1층,,한식,흑수저,세미 파이널,불가,10:00 - 15:30 / 16:30 - 18:00,10:00 - 15:30 / 16:30 - 18:00,10:00 - 15:30 / 16:30 - 18:00,10:00 - 15:30 / 16:30 - 18:00,10:00 - 15:30 / 16:30 - 18:00,10:00 - 17:00,"10:00 - 17:00(1, 3)",127.0391429,37.5790378,,False,,False,https://cdn2.ppomppu.co.kr/zboard/data3/2024/0922/m_20240922121548_UhH1umzy58.jpeg,0.3167278661770706
박세진,일식타짜,야키니쿠세이지 연신내점,서울 은평구 연서로27길 13-6 야키니쿠세이지,,일식,흑수저,1라운드,불가,휴,휴,18:00 - 23:00,18:00 - 23:00,18:00 - 23:00,18:00 - 23:00,18:00 - 23:00,126.9175968,37.6179127,,False,https://app.catchtable.co.kr/ct/shop/hello_saige,True,https://search.pstatic.net/common/?src=https%3A%2F%2Fldb-phinf.pstatic.net%2F20240927_144%2F1727412818430bxxlz_JPEG%2F1000027258.jpg,0.6744594043247655
김병묵,야키토리왕,야키토리 묵,서울 마포구 성미산로 165-1 1층 우측,2024(셀렉),일식,흑수저,2라운드,불가,17:00 - 23:00,17:00 - 23:00,17:00 - 23:00,17:00 - 23:00,17:00 - 23:00,17:00 - 23:00,17:00 - 23:00,126.9245686,37.5646628,,False,https://app.catchtable.co.kr/ct/shop/yakitorimook,True,https://cdn2.ppomppu.co.kr/zboard/data3/2024/0922/m_20240922121543_tLQP6VeDGr.jpeg,0.2682578539371685
박건순,통닭맨,야키토리 코치,서울 영등포구 영중로10길 32-4 지하1층,,일식,흑수저,1라운드,불가,18:00 - 23:00,18:00 - 23:00,18:00 - 23:00,18:00 - 23:00,18:00 - 23:00,18:00 - 23:00,18:00 - 23:00,126.9084652,37.5184128,,False,https://app.catchtable.co.kr/ct/shop/kochi_kr,True,https://ugc-images.catchtable.co.kr/catchtable/shopinfo/sG_OOmfyzAGb7rL5JSB9mMg/eca6027dd9aa41c18a0757501872460e,0.3125662994696043
김병묵,야키토리왕,야키토리묵 신사점,서울 강남구 강남대로152길 23 지하 1층 야키토리묵 신사,,일식,흑수저,2라운드,불가,17:00 - 23:00,17:00 - 23:00,17:00 - 23:00,17:00 - 23:00,17:00 - 23:00,17:00 - 23:00,17:00 - 23:00,127.0212391,37.5176911,,False,https://app.catchtable.co.kr/ct/shop/yakitorimook_sinsa,True,https://cdn2.ppomppu.co.kr/zboard/data3/2024/0922/m_20240922121543_tLQP6VeDGr.jpeg,0.2860465116279069
박건순,통닭맨,야키토리혼바,서울 용산구 후암로 79,,일식,흑수저,1라운드,불가,18:00 - 22:30,18:00 - 22:30,18:00 - 22:30,18:00 - 22:30,18:00 - 22:30,17:00 - 22:30,휴,126.9764372,37.5528666,,False,https://app.catchtable.co.kr/ct/shop/honba_kr,True,https://ugc-images.catchtable.co.kr/catchtable/shopinfo/sG_OOmfyzAGb7rL5JSB9mMg/eca6027dd9aa41c18a0757501872460e,0.6017135862913097
,천만백반,엄마밥상,경북 칠곡군 동명면 팔공산로 157,,한식,흑수저,1라운드,가능,11:00 - 15:30 / 17:00 - 21:00,11:00 - 15:30 / 17:00 - 21:00,11:00 - 15:30 / 17:00 - 21:00,11:00 - 15:30 / 17:00 - 21:00,11:00 - 15:30 / 17:00 - 21:00,11:00 - 21:00,11:00 - 21:00,128.6062903,35.999507,,False,,False,https://search.pstatic.net/common/?src=http%3A%2F%2Fblogfiles.naver.net%2FMjAyNDA5MThfMjgy%2FMDAxNzI2NjcxMDc5NjA5.NA6-ZZzhr30TNCA8QptTq07KMaSRzYHGPm9bGPX5QHQg.L2xKsPUg4GR0cKDWcsyqM2QNma_6uP8yf5zF1j7hSwQg.PNG%2FKakaoTalk_20240918_195809125.png&type=sc960_832,0.0431660546715626
안경숙,천만백반,엄마밥상 다사세천점,대구 달성군 다사읍 세천북로7길 8,,한식,흑수저,1라운드,가능,11:30 - 15:30 / 17:00 - 21:00,11:30 - 15:30 / 17:00 - 21:00,11:30 - 15:30 / 17:00 - 21:00,11:30 - 15:30 / 17:00 - 21:00,11:30 - 15:30 / 17:00 - 21:00,11:30 - 15:30 / 17:00 - 21:00,11:30 - 15:30 / 17:00 - 21:00,128.4772155,35.8772706,,False,,False,https://search.pstatic.net/common/?src=http%3A%2F%2Fblogfiles.naver.net%2FMjAyNDA5MThfMjgy%2FMDAxNzI2NjcxMDc5NjA5.NA6-ZZzhr30TNCA8QptTq07KMaSRzYHGPm9bGPX5QHQg.L2xKsPUg4GR0cKDWcsyqM2QNma_6uP8yf5zF1j7hSwQg.PNG%2FKakaoTalk_20240918_195809125.png&type=sc960_832,
안경숙,천만백반,엄마밥상 침산동점,대구 북구 침산동 449-16,,한식,흑수저,1라운드,가능,11:00 - 15:30 / 17:00 - 21:00,11:00 - 15:30 / 17:00 - 21:00,11:00 - 15:30 / 17:00 - 21:00,11:00 - 15:30 / 17:00 - 21:00,11:00 - 15:30 / 17:00 - 21:00,11:00 - 15:30 / 17:00 - 21:00,11:00 - 15:30 / 17:00 - 21:00,128.5822478,35.8859366,,False,,False,https://search.pstatic.net/common/?src=http%3A%2F%2Fblogfiles.naver.net%2FMjAyNDA5MThfMjgy%2FMDAxNzI2NjcxMDc5NjA5.NA6-ZZzhr30TNCA8QptTq07KMaSRzYHGPm9bGPX5QHQg.L2xKsPUg4GR0cKDWcsyqM2QNma_6uP8yf5zF1j7hSwQg.PNG%2FKakaoTalk_20240918_195809125.png&type=sc960_832,0.8418604651162791
조셉 리저우드,,에빗,서울 강남구 도산대로45길 10-5 1층 EVETT,2024(1),양식,백수저,2라운드,발렛,휴,17:30 - 22:30,17:30 - 22:30,12:00 - 14:30 / 17:30 - 22:30,12:00 - 14:30 / 17:30 - 22:30,12:00 - 14:30 / 17:30 - 22:30,휴,127.0362071,37.5234319,,False,https://app.catchtable.co.kr/ct/shop/evett,True,https://contents-cdn.viewus.co.kr/image/2024/09/CP-2022-0168/image-332e7686-7c7d-48ed-9158-bd99aff17d85.jpeg,0.4550795593635251
진우범,코리안타코킹,에스콘디도,서울 용산구 한남대로20길 61-7 지하 1층,2025(셀렉),양식,흑수저,1라운드,발렛,휴,17:00 - 01:00,17:00 - 01:00,17:00 - 01:00,17:00 - 01:00,17:00 - 01:00,휴,127.0104879,37.5351791,"https://map.naver.com/p/entry/place/1972645921?c=15.00,0,0,0,dh&placePath=/booking",True,https://app.catchtable.co.kr/ct/shop/escondido,True,https://ugc-images.catchtable.co.kr/catchtable/shopinfo/sLNG90tNwqllzC4zTt-uUvg/b7e055be335248c8ba206f9141bf69ed,0.5919624643002857
채낙영,돌아온 소년,에이넷,서울 강남구 논현로159길 46-6 1층,,양식,흑수저,1라운드,불가,휴,17:00 - 02:30,17:00 - 02:30,17:00 - 02:30,17:00 - 02:30,17:00 - 02:30,휴,127.0244808,37.522439,,False,https://app.catchtable.co.kr/ct/shop/aaaa4,True,,0.4863321093431252
진우범,코리안타코킹,엘몰리노,서울 성동구 서울숲2길 19-18 1층,,양식,흑수저,1라운드,불가,휴,17:30 - 22:00,17:30 - 22:00,17:30 - 22:00,17:30 - 22:00,12:00 - 14:00 / 17:00 - 22:00,12:00 - 14:00 / 17:00 - 22:00,127.0411671,37.5474265,"https://map.naver.com/p/search/%EC%97%98%EB%AA%B0%EB%A6%AC%EB%85%B8/place/1374963662?c=15.00,0,0,0,dh&placePath=/booking&isCorrectAnswer=true",True,https://app.catchtable.co.kr/ct/shop/molino_project,True,https://ugc-images.catchtable.co.kr/catchtable/shopinfo/sLNG90tNwqllzC4zTt-uUvg/b7e055be335248c8ba206f9141bf69ed,0.3822929416564667
이경재,50억 초밥왕,오늘의 회전초밥,경기 수원시 영통구 광교중앙로 170 효성해링턴타워 B101호,,일식,흑수저,1라운드,가능,11:30 - 15:00 / 17:00 - 21:00,11:30 - 15:00 / 17:00 - 21:00,휴,11:30 - 15:00 / 17:00 - 21:00,11:30 - 15:00 / 17:00 - 21:00,11:30 - 15:00 / 17:00 - 21:00,11:30 - 15:00 / 17:00 - 21:00,127.0607027,37.2881246,,False,,False,https://ugc-images.catchtable.co.kr/catchtable/shopinfo/scGn274MWbU7-XMxMY8Ccdw/fca2deebaea04c2eb9667a6ea662d9bb,
이경재,50억 초밥왕,오늘의초밥,경기 수원시 영통구 센트럴파크로127번길 18 1층 오늘의초밥,,일식,흑수저,1라운드,가능,11:30 - 14:00 / 17:00 - 21:00,11:30 - 14:00 / 17:00 - 21:00,11:30 - 14:00 / 17:00 - 21:00,휴,11:30 - 14:00 / 17:00 - 21:00,11:30 - 14:00 / 17:00 - 21:00,11:30 - 14:00 / 17:00 - 21:00,127.0552454,37.2953392,,False,,False,https://ugc-images.catchtable.co.kr/catchtable/shopinfo/scGn274MWbU7-XMxMY8Ccdw/fca2deebaea04c2eb9667a6ea662d9bb,0.3285189718482252
이경재,50억 초밥왕,오늘의회전초밥 동탄점,경기 화성시 동탄감배산로 143 201동 오피스텔 건물 상가Czone 115호 오회초,,일식,흑수저,1라운드,가능,11:30 - 21:00 / 15:00 - 17:00,11:30 - 21:00 / 15:00 - 17:00,휴,11:30 - 21:00 / 15:00 - 17:00,11:30 - 21:00 / 15:00 - 17:00,11:30 - 21:00 / 15:00 - 17:00,11:30 - 21:00 / 15:00 - 17:00,127.0889836,37.1989403,,False,,False,https://ugc-images.catchtable.co.kr/catchtable/shopinfo/scGn274MWbU7-XMxMY8Ccdw/fca2deebaea04c2eb9667a6ea662d9bb,
강기복,안산 백종원,오복당,경기 안산시 단원구 광덕2로 163-5 110호,,중식,흑수저,1라운드,가능,11:00 - 15:30 / 17:00 - 22:00,11:00 - 15:30 / 17:00 - 22:00,11:00 - 15:30 / 17:00 - 22:00,11:00 - 15:30 / 17:00 - 22:00,11:00 - 15:30 / 17:00 - 22:00,11:00 - 22:00,11:00 - 22:00,126.8284155,37.3103848,"https://map.naver.com/p/entry/place/1116410520?c=15.00,0,0,0,dh&placePath=/booking",True,,False,https://ugc-images.catchtable.co.kr/catchtable/shopinfo/sD5Todrtv9WM_Qf4oAQ3gig/ebb5f73aa2b342abb1f43c600a567d71,0.2050183598531212
박준우,,오쁘띠베르,서울 종로구 자하문로 47-1,,양식,백수저,2라운드,불가,12:00 - 21:00,휴,12:00 - 21:00,12:00 - 21:00,12:00 - 21:00,12:00 - 21:00,12:00 - 21:00,126.9710002,37.5802707,,False,,False,https://contents-cdn.viewus.co.kr/image/2024/09/CP-2022-0168/image-a6ad05cc-09b9-4ad8-af52-efadce7a8eb0.jpeg,0.515218278253774
이경재,50억 초밥왕,오초오늘의초밥,경기 수원시 영통구 광교중앙로266번길 30 123호,,일식,흑수저,1라운드,가능,11:30 - 15:00 / 17:00 - 21:00,휴,11:30 - 15:00 / 17:00 - 21:00,11:30 - 15:00 / 17:00 - 21:00,11:30 - 15:00 / 17:00 - 21:00,11:30 - 15:00 / 17:00 - 21:00,11:30 - 15:00 / 17:00 - 21:00,127.0687153,37.2923113,,False,,False,https://ugc-images.catchtable.co.kr/catchtable/shopinfo/scGn274MWbU7-XMxMY8Ccdw/fca2deebaea04c2eb9667a6ea662d9bb,
이경재,50억 초밥왕,오초오늘의초밥 이천점,경기 이천시 마장면 중앙로9번길 7 1층 102호,,일식,흑수저,1라운드,가능,11:30 - 15:00 / 17:00 - 21:00,휴,11:30 - 15:00 / 17:00 - 21:00,11:30 - 15:00 / 17:00 - 21:00,11:30 - 15:00 / 17:00 - 21:00,11:30 - 15:00 / 17:00 - 21:00,11:30 - 15:00 / 17:00 - 21:00,127.3540421,37.2529171,,False,,False,https://ugc-images.catchtable.co.kr/catchtable/shopinfo/scGn274MWbU7-XMxMY8Ccdw/fca2deebaea04c2eb9667a6ea662d9bb,0.5318645450836393
오세득,,오팬파이어,제주 제주시 조천읍 남조로 1781 1층,,양식,백수저,2라운드,가능,10:30 - 15:00 / 16:30 - 20:00,10:30 - 15:00 / 16:30 - 20:00,10:30 - 15:00 / 16:30 - 20:00,10:30 - 15:00 / 16:30 - 20:00,10:30 - 15:00 / 16:30 - 20:00,10:30 - 15:00 / 16:30 - 20:00,10:30 - 15:00 / 16:30 - 20:00,126.6736656,33.4269266,"https://map.naver.com/p/entry/place/1956611146?c=15.00,0,0,0,dh&placePath=/booking",True,https://app.catchtable.co.kr/ct/shop/ohpanfire,True,https://contents-cdn.viewus.co.kr/image/2024/09/CP-2022-0168/image-e69ac754-3691-4308-ad30-8b89e131413b.jpeg,0.2823337413300694
오세득,,오팬파이어 스타필드하남점,경기 하남시 미사대로 750 오팬파이어 스타필드하남점,,양식,백수저,2라운드,가능,10:00 - 15:00 / 16:00 - 22:00,10:00 - 15:00 / 16:00 - 22:00,10:00 - 15:00 / 16:00 - 22:00,10:00 - 15:00 / 16:00 - 22:00,10:00 - 15:00 / 16:00 - 22:00,10:00 - 15:00 / 16:00 - 22:00,10:00 - 15:00 / 16:00 - 22:00,127.2238404,37.5454628,,False,,False,https://contents-cdn.viewus.co.kr/image/2024/09/CP-2022-0168/image-e69ac754-3691-4308-ad30-8b89e131413b.jpeg,
조은빛,쿠킹텔러,와일드플라워,서울 서초구 방배로26길 19 1층,,기타,흑수저,1라운드,불가,11:00 - 15:00 / 18:00 - 22:00,11:00 - 15:00 / 18:00 - 22:00,11:00 - 15:00 / 18:00 - 22:00,11:00 - 15:00 / 18:00 - 22:00,11:00 - 15:00 / 18:00 - 22:00,11:00 - 15:00 / 18:00 - 22:00,11:00 - 15:00 / 18:00 - 22:00,126.9939175,37.489442,"https://map.naver.com/p/entry/place/1679378998?c=15.00,0,0,0,dh&placePath=/booking",True,https://app.catchtable.co.kr/ct/shop/wildflower_korea,True,https://ugc-images.catchtable.co.kr/catchtable/shopinfo/s1wsiqEI5TtOFcMwY_IWGtg/aa5745787dd843438ca322611e2aa23b,0.1844145246838025
김도윤,,윤서울,서울 강남구 선릉로 805 1층,2024(1),한식,백수저,2라운드,발렛,휴,12:00 - 15:00 / 18:00 - 22:00,12:00 - 15:00 / 18:00 - 22:00,12:00 - 15:00 / 18:00 - 22:00,12:00 - 15:00 / 18:00 - 22:00,12:00 - 15:00 / 18:00 - 22:00,휴,127.038998,37.524135,,False,https://app.catchtable.co.kr/ct/shop/yunseoul,True,https://contents-cdn.viewus.co.kr/image/2024/09/CP-2022-0168/image-3a0e001c-ca6a-4e68-98eb-21415bf0841f.jpeg,0.3706650346797225
한민호,멜버른 베스트,윰드,서울 강남구 도산대로58길 18 1층,,양식,흑수저,1라운드,발렛,8:00 - 17:00,8:00 - 17:00,8:00 - 17:00,8:00 - 17:00,8:00 - 17:00,8:00 - 17:00,8:00 - 17:00,127.0412209,37.5220664,,False,https://app.catchtable.co.kr/ct/shop/ummd,True,https://ugc-images.catchtable.co.kr/catchtable/shopinfo/sWk4a6OmUA3ekUhrCxyYdcA/2fbe59dff04243c99ca400eab82add54,0.5898408812729499
조서형,장사천재 조사장,을지로보석,서울 중구 마른내로 11-10 3층,,기타,흑수저,2라운드,불가,17:00 - 22:00,17:00 - 22:00,17:00 - 22:00,17:00 - 22:00,17:00 - 22:00,16:00 - 22:00,휴,126.9892464,37.5651478,,False,https://app.catchtable.co.kr/ct/shop/euljiloboseog,True,https://cdn2.ppomppu.co.kr/zboard/data3/2024/0922/m_20240922121552_QKtF7dtKv3.jpeg,
이승준,헬스 키친,이도 용산,"서울 용산구 한강대로50길 14 1층 101호, 102호",,한식,흑수저,1라운드,불가,11:30 - 15:00 / 17:30 - 23:00,11:30 - 15:00 / 17:30 - 23:00,11:30 - 15:00 / 17:30 - 23:00,11:30 - 15:00 / 17:30 - 23:00,11:30 - 15:00 / 17:30 - 23:00,11:30 - 01:00,11:30 - 15:00 / 17:30 - 23:00,126.9715196,37.5317256,"https://map.naver.com/p/entry/place/1550996024?c=15.00,0,0,0,dh&placePath=/booking",True,https://app.catchtable.co.kr/ct/shop/yidokdiningbar,True,https://ugc-images.catchtable.co.kr/catchtable/shopinfo/svN0z2EPL5hzGzVfGOnGPRQ/1a2a43da2591489ab2a65cc590ab3305,0.4045287637698899
변성현,풀메 요리사,이야이야앤프렌즈,서울 강남구 도산대로51길 22 1-4층,,양식,흑수저,1라운드,불가,10:00 - 20:00,10:00 - 20:00,10:00 - 20:00,10:00 - 20:00,10:00 - 21:00,10:00 - 21:00,10:00 - 20:00,127.0380024,37.5244925,,False,,False,https://ugc-images.catchtable.co.kr/catchtable/shopinfo/s518mBI7iZzuppqt7U01zYg/0b4ca882df934d7cb967170f1ee0186e,0.5146062831497349
안유성,,장수나주곰탕,광주 서구 대남대로487번길 14 1층,,한식,백수저,4라운드,가능,휴,10:00 - 15:00 / 17:00 - 21:00,10:00 - 15:00 / 17:00 - 21:00,10:00 - 15:00 / 17:00 - 21:00,10:00 - 15:00 / 17:00 - 21:00,10:00 - 15:00 / 17:00 - 21:00,10:00 - 15:00 / 17:00 - 21:00,126.8841531,35.1516593,,False,,False,https://contents-cdn.viewus.co.kr/image/2024/09/CP-2022-0168/image-eb125875-4cf2-40b3-81b6-45dcbb829581.jpeg,
구승민,황금삽,장화,경남 양산시 물금읍 증산역로 155 01층 103호,,일식,흑수저,1라운드,가능,12:30 - 15:00 / 17:00 - 24:00,12:30 - 15:00 / 17:00 - 24:00,12:30 - 15:00 / 17:00 - 24:00,12:30 - 15:00 / 17:00 - 24:00,12:30 - 15:00 / 17:00 - 24:00,12:30 - 15:00 / 17:00 - 24:00,휴,129.0070976,35.3096716,,False,https://app.catchtable.co.kr/ct/shop/janghwa,True,https://ugc-images.catchtable.co.kr/catchtable/shopinfo/sGogMMetdWFgleDbqUsFytg/fc327b6624e4465c8516f20734112506,0.3851081191350469
김지훈태,짹짹이,잭잭,서울 용산구 회나무로6길 21 1층,,양식,흑수저,1라운드,불가,11:30 - 15:30 / 17:00 - 21:30,11:30 - 15:30 / 17:00 - 21:30,11:30 - 15:30 / 17:00 - 21:30,11:30 - 15:30 / 17:00 - 21:30,11:30 - 15:30 / 17:00 - 21:30,11:30 - 15:30 / 17:00 - 21:30,11:30 - 15:30 / 17:00 - 21:30,126.9888735,37.5380045,,False,https://app.catchtable.co.kr/ct/shop/JACKJACK,True,https://api.nudge-community.com/attachments/7634056,
이준호,더티 코리안,저저,서울 중구 퇴계로41길 31 . 1층 101호,,한식,흑수저,1라운드,가능,11:00 - 17:00,11:00 - 17:00,11:00 - 17:00,11:00 - 17:00,11:00 - 21:00,11:00 - 21:00,11:00 - 21:00,126.9955378,37.5631923,,False,https://app.catchtable.co.kr/ct/shop/jeojeo?type=DINING,True,https://ugc-images.catchtable.co.kr/catchtable/shopinfo/sfxBqsThhSWQd739XgnzoKg/ab4b4c9ff6404720aa06657a4b84b913,
유비빔,비빔대왕,전주비빔소리,전북 전주시 덕진구 건지산로 53-3,,한식,흑수저,1라운드,가능,"9:00 - 21:00(2, 4)",9:00 - 21:00,9:00 - 21:00,9:00 - 21:00,9:00 - 21:00,9:00 - 21:00,9:00 - 21:00,127.1361328,35.8552472,,False,,False,https://search.pstatic.net/common/?src=http%3A%2F%2Fblogfiles.naver.net%2FMjAyNDEwMDZfMjcg%2FMDAxNzI4MTU2MTAyMTMy.J3fWKNCFwjb5FPyMcyHUl8YX9MKnV9sEaJX-H7VB60sg.OsMtwQ5pudH3H5PmJ0uoAPT5k-0qBTHymMzryQezApQg.PNG%2Fimage.png&type=sc960_832,0.1565483476132191
박철,후포리촌놈,제이드앤워터,서울 성동구 한림말3길 29 2층,,양식,흑수저,1라운드,불가,11:00 - 15:30 / 17:30 - 22:00,11:00 - 15:30 / 17:30 - 22:00,11:00 - 15:30 / 17:30 - 22:00,11:00 - 15:30 / 17:30 - 22:00,11:00 - 15:30 / 17:30 - 22:00,11:00 - 15:30 / 17:30 - 22:00,11:00 - 15:30 / 17:30 - 22:00,127.015331,37.5436519,"https://map.naver.com/p/search/%EC%A0%9C%EC%9D%B4%EB%93%9C%EC%95%A4%EC%9B%8C%ED%84%B0/place/1012333241?c=15.00,0,0,0,dh&placePath=/booking&isCorrectAnswer=true",True,https://app.catchtable.co.kr/ct/shop/jadeandwater,True,https://ugc-images.catchtable.co.kr/catchtable/shopinfo/sbZXDvGeRMcISFm8OFYERrw/12f21b5d192246e1be8219e25a9fc4fd,0.3317013463892289
조광효,만찢남,조광101,서울 송파구 새말로10길 8,,중식,흑수저,4라운드,불가,휴,18:00 - 24:00,18:00 - 24:00,18:00 - 24:00,18:00 - 24:00,18:00 - 23:00,휴,127.1273298,37.4822405,,False,,False,https://cdn2.ppomppu.co.kr/zboard/data3/2024/0922/m_20240922121545_42KkpfNdRw.jpeg,
조광효,만찢남,조광201,서울 송파구 새말로8길 13 2층,,중식,흑수저,4라운드,불가,휴,18:00 - 23:00,18:00 - 23:00,18:00 - 23:00,18:00 - 23:00,18:00 - 23:00,휴,127.1267899,37.4815362,,False,https://app.catchtable.co.kr/ct/shop/cho__kwang,True,https://cdn2.ppomppu.co.kr/zboard/data3/2024/0922/m_20240922121545_42KkpfNdRw.jpeg,0.1094247246022031
이태우,국내파스타,줄라이,서울 서초구 동광로 164,2024(셀렉),양식,흑수저,1라운드,가능,휴,12:00 - 15:00 / 18:00 - 22:00,12:00 - 15:00 / 18:00 - 22:00,12:00 - 15:00 / 18:00 - 22:00,12:00 - 15:00 / 18:00 - 22:00,12:00 - 15:00 / 18:00 - 22:00,휴,127.0000032,37.4947387,,False,https://app.catchtable.co.kr/ct/shop/july,True,,0.5296613627090984
최현석,,중앙가속기,서울 성동구 성수일로 9 지하1층,,기타,백수저,세미 파이널,불가,휴,17:30 - 01:00,17:30 - 01:00,17:30 - 01:00,17:30 - 01:00,17:30 - 01:00,휴,127.0483014,37.5414908,"https://map.naver.com/p/search/%EC%A4%91%EC%95%99%EA%B0%80%EC%86%8D%EA%B8%B0/place/1846352165?c=15.00,0,0,0,dh&placePath=/booking&isCorrectAnswer=true",True,https://app.catchtable.co.kr/ct/shop/centralaccelerator,True,https://contents-cdn.viewus.co.kr/image/2024/09/CP-2022-0168/image-b60132c7-be2f-4f09-b1af-7546d75fa222.jpeg,0.312280701754386
최현석,,중앙감속기,서울 성동구 성수일로6길 7-1 1층 중앙감속기,,기타,백수저,세미 파이널,불가,12:00 - 15:00 / 17:30 - 21:00,12:00 - 15:00 / 17:30 - 21:00,12:00 - 15:00 / 17:30 - 21:00,12:00 - 15:00 / 17:30 - 21:00,12:00 - 15:00 / 17:30 - 21:00,12:00 - 15:00 / 17:30 - 21:00,12:00 - 15:00 / 17:30 - 21:00,127.0510924,37.5455751,"https://map.naver.com/p/entry/place/20937806?c=15.00,0,0,0,dh&placePath=/booking",True,https://app.catchtable.co.kr/ct/shop/tyioop77,True,https://contents-cdn.viewus.co.kr/image/2024/09/CP-2022-0168/image-b60132c7-be2f-4f09-b1af-7546d75fa222.jpeg,0.0694002447980416
김미령,이모카세 1호,즐거운술상,"서울 도봉구 노해로 341 117호 창동, 신원리베르텔",,한식,흑수저,세미 파이널,가능,17:00 - 20:00,,17:00 - 20:00,17:00 - 20:00,17:00 - 20:00,17:00 - 20:00,휴,127.0459347,37.6514553,,False,,False,https://cdn2.ppomppu.co.kr/zboard/data3/2024/0922/m_20240922121548_UhH1umzy58.jpeg,
황진선,,진진,서울 마포구 월드컵북로1길 60 1층 진진,2024(빕구르망),중식,백수저,3라운드,불가,11:30 - 15:00 / 17:00 - 21:00,11:30 - 15:00 / 17:00 - 21:00,11:30 - 15:00 / 17:00 - 21:00,11:30 - 15:00 / 17:00 - 21:00,11:30 - 15:00 / 17:00 - 21:00,11:30 - 15:00 / 17:00 - 21:00,12:00 - 15:00 / 17:00 - 21:30,126.918411,37.5538022,,False,,False,https://contents-cdn.viewus.co.kr/image/2024/09/CP-2022-0168/image-4987e11d-9308-4a9a-b9cd-a43c09c9d502.jpeg,0.1221542227662178
우현일,광속 요리사,참치논데,서울 광진구 능동로37길 35 2층,,일식,흑수저,1라운드,불가,휴,18:00 - 22:30,18:00 - 22:30,18:00 - 22:30,18:00 - 22:30,18:00 - 22:30,휴,127.0779077,37.5585345,,False,https://app.catchtable.co.kr/ct/shop/CHAMCHINONDE,True,https://ugc-images.catchtable.co.kr/catchtable/shopinfo/sQgoI0HrFxmy7qZ9ydZLSZg/a99ba567afdf4ad8a30e2688b990b3e8,0.4762953896368829
고석현,4·8·100,천하제일 솥뚜껑,서울 성동구 성수이로7길 27 1층 105-1호,,한식,흑수저,1라운드,가능,11:00 - 14:30 / 17:00 - 22:00,11:00 - 14:30 / 17:00 - 22:00,11:00 - 14:30 / 17:00 - 22:00,11:00 - 14:30 / 17:00 - 22:00,11:00 - 14:30 / 17:00 - 22:00,11:00 - 14:30 / 17:00 - 22:00,11:00 - 14:30 / 17:00 - 22:00,127.0534199,37.5415748,,False,https://app.catchtable.co.kr/ct/shop/oneofthesky,True,https://ugc-images.catchtable.co.kr/catchtable/shopinfo/sbaaT7WQBOw4Ub5i3mCp4sw/b7deb413876a471aba4eb358b08d6eea,
고석현,4·8·100,천하제일솥뚜껑 명동점,서울 중구 명동3길 21 3층,,한식,흑수저,1라운드,불가,11:00 - 22:00,11:00 - 22:00,11:00 - 22:00,11:00 - 22:00,11:00 - 22:00,11:00 - 22:00,11:00 - 22:00,126.9834389,37.5646677,,False,,False,https://ugc-images.catchtable.co.kr/catchtable/shopinfo/sbaaT7WQBOw4Ub5i3mCp4sw/b7deb413876a471aba4eb358b08d6eea,
이세인,빙그레,촨촨지우바,서울 중구 을지로 157 대림상가 3층 가358,,중식,흑수저,1라운드,가능,11:30 - 15:00 / 17:00 ~ 22:00,11:30 - 15:00 / 17:00 ~ 22:00,11:30 - 15:00 / 17:00 ~ 22:00,11:30 - 15:00 / 17:00 ~ 22:00,11:30 - 15:00 / 17:00 ~ 22:00,16:00 ~ 22:00,휴,126.9954936,37.5670649,,False,,False,,0.3902896776825786
최현목,월클 레시피,최씨네 피자,대구 수성구 달구벌대로467길 22-24 1층,,양식,흑수저,1라운드,불가,17:00 - 23:00,17:00 - 23:00,17:00 - 23:00,17:00 - 23:00,17:00 - 23:00,17:00 - 23:00,17:00 - 23:00,128.6189555,35.8603605,,False,,False,https://search.pstatic.net/common/?src=https%3A%2F%2Fldb-phinf.pstatic.net%2F20240123_153%2F17060121304435UgzG_JPEG%2FKakaoTalk_20240123_211424822.jpg,
최현석,,쵸이닷,서울 강남구 도산대로 457 3층,,양식,백수저,세미 파이널,가능,12:00 - 15:00 / 18:00 - 22:00,12:00 - 15:00 / 18:00 - 22:00,12:00 - 15:00 / 18:00 - 22:00,12:00 - 15:00 / 18:00 - 22:00,12:00 - 15:00 / 18:00 - 22:00,12:00 - 15:00 / 18:00 - 22:00,12:00 - 15:00 / 18:00 - 22:00,127.0465625,37.5244489,,False,https://app.catchtable.co.kr/ct/shop/choidot,True,https://contents-cdn.viewus.co.kr/image/2024/09/CP-2022-0168/image-b60132c7-be2f-4f09-b1af-7546d75fa222.jpeg,0.111954304365565
오세득,,친밀 제주,제주 제주시 조천읍 남조로 1781,,양식,백수저,2라운드,가능,11:20 - 15:00 / 17:00 - 20:00,11:20 - 15:00 / 17:00 - 20:00,11:20 - 15:00 / 17:00 - 20:00,11:20 - 15:00 / 17:00 - 20:00,11:20 - 15:00 / 17:00 - 20:00,11:20 - 15:00 / 17:00 - 20:00,11:20 - 15:00 / 17:00 - 20:00,126.6736656,33.4269266,,False,,False,https://contents-cdn.viewus.co.kr/image/2024/09/CP-2022-0168/image-e69ac754-3691-4308-ad30-8b89e131413b.jpeg,
강기복,안산 백종원,카사 데 타코,경기 안산시 단원구 광덕대로 155 123호,,양식,흑수저,1라운드,가능,11:00 - 15:30 / 17:00 - 22:00,11:00 - 15:30 / 17:00 - 22:00,11:00 - 15:30 / 17:00 - 22:00,11:00 - 15:30 / 17:00 - 22:00,11:00 - 15:30 / 17:00 - 22:00,11:00 - 22:00,11:00 - 22:00,126.8290718,37.3105053,"https://map.naver.com/p/entry/place/1303967574?c=15.00,0,0,0,dh&placePath=/booking",True,https://app.catchtable.co.kr/ct/shop/passion_tako_ansan,True,https://ugc-images.catchtable.co.kr/catchtable/shopinfo/sD5Todrtv9WM_Qf4oAQ3gig/ebb5f73aa2b342abb1f43c600a567d71,0.8620971032231742
강기복,안산 백종원,카사 데 타코 송도점,인천 연수구 송도과학로28번길 8 더샵송도트리플타워 East 지상 1층 134호,,양식,흑수저,1라운드,가능,11:00 - 21:30,11:00 - 21:30,11:00 - 21:30,11:00 - 21:30,11:00 - 21:30,11:00 - 21:30,11:00 - 21:30,126.6606644,37.3824623,"https://map.naver.com/p/search/%EC%B9%B4%EC%82%AC%20%EB%8D%B0%20%ED%83%80%EC%BD%94%20%EC%86%A1%EB%8F%84%EC%A0%90/place/1401862517?placePath=/booking&isCorrectAnswer=true&c=15.00,0,0,0,dh",True,https://app.catchtable.co.kr/ct/shop/casade_tacos_songdo,True,https://ugc-images.catchtable.co.kr/catchtable/shopinfo/sD5Todrtv9WM_Qf4oAQ3gig/ebb5f73aa2b342abb1f43c600a567d71,0.7783761729906161
강기복,안산 백종원,카사데타코 신논현점,서울 강남구 봉은사로1길 8 지하1층,,양식,흑수저,1라운드,불가,11:00 - 15:00 / 16:00 - 22:00,11:00 - 15:00 / 16:00 - 22:00,11:00 - 15:00 / 16:00 - 22:00,11:00 - 15:00 / 16:00 - 22:00,11:00 - 15:00 / 16:00 - 22:00,11:00 - 22:00,11:00 - 22:00,127.0250966,37.5054726,"https://map.naver.com/p/search/%EC%B9%B4%EC%82%AC%EB%8D%B0%ED%83%80%EC%BD%94%20%EC%8B%A0%EB%85%BC%ED%98%84%EC%A0%90/place/1748845366?c=15.00,0,0,0,dh&placePath=/booking&isCorrectAnswer=true",True,,False,https://ugc-images.catchtable.co.kr/catchtable/shopinfo/sD5Todrtv9WM_Qf4oAQ3gig/ebb5f73aa2b342abb1f43c600a567d71,0.7682170542635659
강기복,안산 백종원,카사데타코 의정부점,경기 의정부시 시민로131번길 17 1층,,양식,흑수저,1라운드,가능,12:00 - 23:00,12:00 - 23:00,12:00 - 23:00,12:00 - 23:00,12:00 - 23:00,12:00 - 23:00,12:00 - 23:00,127.0497047,37.7389183,"https://map.naver.com/p/search/%EC%B9%B4%EC%82%AC%EB%8D%B0%ED%83%80%EC%BD%94%20%EC%9D%98%EC%A0%95%EB%B6%80%EC%A0%90/place/1904407353?c=15.00,0,0,0,dh&placePath=/booking&isCorrectAnswer=true",True,,False,https://ugc-images.catchtable.co.kr/catchtable/shopinfo/sD5Todrtv9WM_Qf4oAQ3gig/ebb5f73aa2b342abb1f43c600a567d71,
장호준,,캐비스트리,서울 강남구 도산대로37길 21 1층 캐비스트리,,양식,백수저,세미 파이널,발렛,17:00 - 23:30,17:00 - 23:30,17:00 - 23:30,17:00 - 23:30,17:00 - 23:30,17:00 - 23:30,휴,127.0311729,37.5224844,,False,https://app.catchtable.co.kr/ct/shop/Cavistry,True,https://contents-cdn.viewus.co.kr/image/2024/09/CP-2022-0168/image-d1d04a01-a74b-49e4-91ab-885362a80b4c.jpeg,0.4019583843329253
박건순,통닭맨,코치,서울 성동구 성덕정17길 11 1층,,일식,흑수저,1라운드,불가,18:00 - 23:00,18:00 - 23:00,18:00 - 23:00,18:00 - 23:00,18:00 - 23:00,18:00 - 23:00,18:00 - 23:00,127.0551567,37.5382728,,False,https://app.catchtable.co.kr/ct/shop/kochi_kr,True,https://ugc-images.catchtable.co.kr/catchtable/shopinfo/sG_OOmfyzAGb7rL5JSB9mMg/eca6027dd9aa41c18a0757501872460e,0.4290901672786618
현상욱,간귀,키보 에다마메,서울 용산구 한강대로76길 11-40 1층,,일식,흑수저,2라운드,가능,11:30 - 15:00 / 17:30 - 23:00,11:30 - 15:00 / 17:30 - 23:00,11:30 - 15:00 / 17:30 - 23:00,11:30 - 15:00 / 17:30 - 23:00,11:30 - 15:00 / 17:30 - 23:00,11:30 - 15:00 / 17:30 - 23:00,휴,126.973721,37.5424354,,False,https://app.catchtable.co.kr/ct/shop/edamame,True,https://cdn2.ppomppu.co.kr/zboard/data3/2024/0922/m_20240922121539_I0joGluE9g.jpeg,0.3008567931456548
오준탁,영탉,탄막,서울 용산구 한강대로84길 5-3 1층 15호,,한식,흑수저,2라운드,불가,17:00 - 01:00,17:00 - 01:00,17:00 - 01:00,17:00 - 01:00,17:00 - 01:00,17:00 - 01:00,휴,126.9728157,37.5438077,,False,https://app.catchtable.co.kr/ct/shop/tanmak,True,https://cdn2.ppomppu.co.kr/zboard/data3/2024/0922/m_20240922121547_q04UgdkvAz.jpeg,0.3386372909016728
조은주,,터치더스카이,서울 영등포구 63로 50 한화금융센터_63,,양식,백수저,3라운드,가능,11:30 - 15:00 / 17:30 - 22:00,11:30 - 15:00 / 17:30 - 22:00,11:30 - 15:00 / 17:30 - 22:00,11:30 - 15:00 / 17:30 - 22:00,11:30 - 15:00 / 17:30 - 22:00,11:30 - 15:00 / 17:30 - 22:00,11:30 - 15:00 / 17:30 - 22:00,126.9403139,37.5198158,"https://map.naver.com/p/entry/place/11845747?c=15.00,0,0,0,dh&placePath=/booking",True,https://app.catchtable.co.kr/ct/shop/touchthe_sky,True,https://contents-cdn.viewus.co.kr/image/2024/09/CP-2022-0168/image-0be50ff4-43df-439e-8e66-591a7a64d659.jpeg,
강승원,트리플 스타,트리드,서울 강남구 선릉로162길 16 2층,2024(셀렉),양식,흑수저,세미 파이널,불가,휴,12:00 - 15:00 / 18:00 - 22:00,12:00 - 15:00 / 18:00 - 22:00,12:00 - 15:00 / 18:00 - 22:00,12:00 - 15:00 / 18:00 - 22:00,12:00 - 15:00 / 18:00 - 22:00,휴,127.0416976,37.5266806,,False,https://app.catchtable.co.kr/ct/shop/trid,True,https://cdn2.ppomppu.co.kr/zboard/data3/2024/0922/m_20240922121550_sHJbzh6wwM.jpeg,0.2117911056711546
정우영,공사판 셰프,트리플본국밥,서울 송파구 법원로11길 11 문정현대지식산업센터 A동 107호,,한식,흑수저,1라운드,가능,11:00 - 15:00 / 18:00 - 22:00,11:00 - 15:00 / 18:00 - 22:00,11:00 - 15:00 / 18:00 - 22:00,11:00 - 15:00 / 18:00 - 22:00,11:00 - 15:00 / 18:00 - 22:00,11:00 - 15:00 / 18:00 - 22:00,휴,127.1184413,37.4847656,,False,https://app.catchtable.co.kr/ct/shop/triple_?type=DINING,True,https://ugc-images.catchtable.co.kr/catchtable/shopinfo/sIDlc3xor3AK-Mb5PP_LHmg/9569811a4d1f4d2cbb774256f62f43a9,0.3376172990616075
정지선,,티엔미미 강남점,"서울 서초구 사임당로 143 104-1, 104-2, 104-3호",,중식,백수저,세미 파이널,가능,11:00 - 15:00 / 17:00 - 22:00,11:00 - 15:00 / 17:00 - 22:00,11:00 - 15:00 / 17:00 - 22:00,11:00 - 15:00 / 17:00 - 22:00,11:00 - 15:00 / 17:00 - 22:00,11:00 - 15:00 / 17:00 - 22:00,11:00 - 15:00 / 17:00 - 22:00,127.0252522,37.4918563,,False,https://app.catchtable.co.kr/ct/shop/tianmimi?type=DINING,True,https://contents-cdn.viewus.co.kr/image/2024/09/CP-2022-0168/image-63abde99-cd66-4ce5-8b10-09a4f3f02ccf.jpeg,0.1783353733170135
정지선,,티엔미미 홍대점,서울 마포구 양화로 144 머큐어 앰버서더 호텔 4층,,중식,백수저,세미 파이널,가능,11:00 - 15:00 / 17:00 - 22:00,11:00 - 15:00 / 17:00 - 22:00,11:00 - 15:00 / 17:00 - 22:00,11:00 - 15:00 / 17:00 - 22:00,11:00 - 15:00 / 17:00 - 22:00,11:00 - 15:00 / 17:00 - 22:00,11:00 - 15:00 / 17:00 - 22:00,126.9224091,37.5553242,,False,https://app.catchtable.co.kr/ct/shop/tianmimihongdae?type=DINING,True,https://contents-cdn.viewus.co.kr/image/2024/09/CP-2022-0168/image-63abde99-cd66-4ce5-8b10-09a4f3f02ccf.jpeg,0.0128110975112199
파브리,,파브리키친,서울 용산구 한강대로15길 23-6 1층,,양식,백수저,2라운드,불가,11:30 - 14:30 / 17:00 - 21:30,11:30 - 14:30 / 17:00 - 21:30,11:30 - 14:30 / 17:00 - 21:30,11:30 - 14:30 / 17:00 - 21:30,11:30 - 14:30 / 17:00 - 21:30,11:30 - 14:30 / 17:00 - 21:30,11:30 - 14:30 / 17:00 - 21:30,126.9627204,37.5261777,,False,,False,https://contents-cdn.viewus.co.kr/image/2024/09/CP-2022-0168/image-7974759d-afb4-4486-bc02-e99260240d51.jpeg,0.2932272541819665
채낙영,돌아온 소년,팔발라 드 코코 압구정 로데오점,서울 강남구 언주로172길 54 1층,,양식,흑수저,1라운드,발렛,11:00 - 15:00 / 16:00 - 23:00,11:00 - 15:00 / 16:00 - 23:00,11:00 - 15:00 / 16:00 - 23:00,11:00 - 15:00 / 16:00 - 23:00,11:00 - 15:00 / 16:00 - 01:00,11:00 - 15:00 / 16:00 - 01:00,11:00 - 15:00 / 16:00 - 23:00,127.0380501,37.5268488,,False,,False,,
채낙영,돌아온 소년,팔발라 삼청본점,서울 종로구 삼청로 61,,양식,흑수저,1라운드,가능,11:29 - 16:00 / 17:00 - 22:00,11:29 - 16:00 / 17:00 - 22:00,11:29 - 16:00 / 17:00 - 22:00,11:29 - 16:00 / 17:00 - 22:00,11:29 - 16:00 / 17:00 - 22:00,11:30 - 22:00,11:30 - 20:00,126.9806419,37.5813351,,False,https://app.catchtable.co.kr/ct/shop/Y2F0Y2hfRkFreVJOak4xWThFVFJlaDdUSDVJUT09,True,,0.2625866993064055
스리프라팁 파우피싯,타이 셀렉트,팟카파우,서울 용산구 신흥로 97-6 신흥시장안 2층,,기타,흑수저,1라운드,불가,11:00 - 15:00 / 16:00 - 20:30,11:00 - 15:00 / 16:00 - 20:30,11:00 - 15:00 / 16:00 - 20:30,11:00 - 15:00 / 16:00 - 20:30,11:00 - 15:00 / 16:00 - 20:30,11:00 - 15:00 / 16:00 - 20:30,11:00 - 15:00 / 16:00 - 20:30,126.9848677,37.545194,,False,,False,https://mblogthumb-phinf.pstatic.net/MjAyMDEyMjhfMTUz/MDAxNjA5MTY1NDU4ODc3.i7Jc2M-OCuzhtdXG9JP_RuBxp-Sla8uEgvJ1wpbuNVQg.87HbLyHHYQnO2PEt5OiZ06loYnkvSEFtNs7_D2FOvy8g.JPEG.ddazero/20201226_235438.jpg?type=w800,0.7662586699306406
박정현,평가절하,포그,서울 마포구 백범로16안길 15-1 1층,,양식,흑수저,1라운드,불가,11:50 - 14:40 / 17:30 - 21:00,11:50 - 14:40 / 17:30 - 21:00,11:50 - 14:40 / 17:30 - 21:00,11:50 - 14:40 / 17:30 - 21:00,11:50 - 14:40 / 17:30 - 21:00,11:50 - 21:00,11:50 - 21:00,126.9429879,37.5464913,,False,,False,https://search.pstatic.net/common/?src=http%3A%2F%2Fblogfiles.naver.net%2FMjAyNDA5MjhfMjE4%2FMDAxNzI3NTA2NTU2MTQ2.7JzOqDf-JgVfz6PMU0GOk3QNpK-XDjdH7Ew6ktzwt7og.XuMcsPhRXiuegtNiJFVQ9ZrFq_25Njzm-uPmB77Y_MEg.JPEG%2F1.jpg&type=sc960_832,0.3596491228070175
김태성,히든천재,포노 부오노,서울 강남구 도산대로45길 8-7 2층,,양식,흑수저,2라운드,발렛,18:00 - 00:00,18:00 - 00:00,18:00 - 00:00,18:00 - 00:00,18:00 - 00:00,18:00 - 00:00,휴,127.0364118,37.523039,,False,https://app.catchtable.co.kr/ct/shop/ponobouno,True,https://cdn2.ppomppu.co.kr/zboard/data3/2024/0922/m_20240922121551_YMNJV6biek.jpeg,0.352672378620971
박원상,방구석 다이닝,피델리오,서울 마포구 월드컵로19길 31-1 3층,,양식,흑수저,1라운드,불가,19: 00 - 21:00,19: 00 - 21:00,19: 00 - 21:00,19: 00 - 21:00,19: 00 - 21:00,11:00 - 14:30 / 17:00 - 22:00,11:00 - 14:30 / 17:00 - 22:00,126.9079578,37.556036,,False,https://app.catchtable.co.kr/ct/shop/fidelio.,True,https://ugc-images.catchtable.co.kr/catchtable/shopinfo/sYBSerLqbfDep4YowFv0XcQ/13a98ff7eade4c789a69c8cd3711dd82,
여경래,,홍보각,서울 강남구 봉은사로 130 노보텔 앰배서더 강남 LL층,,중식,백수저,2라운드,발렛,12:00 - 15:00 / 18:00 - 21:30,12:00 - 15:00 / 18:00 - 21:30,12:00 - 15:00 / 18:00 - 21:30,12:00 - 15:00 / 18:00 - 21:30,12:00 - 15:00 / 18:00 - 21:30,12:00 - 15:00 / 18:00 - 21:30,12:00 - 15:00 / 18:00 - 21:30,127.0290023,37.5053901,"https://map.naver.com/p/entry/place/1151061731?c=15.00,0,0,0,dh&placePath=/booking",True,https://app.catchtable.co.kr/ct/shop/hongbogak,True,https://contents-cdn.viewus.co.kr/image/2024/09/CP-2022-0168/image-813e0074-a1c4-421f-af1b-1991096bc678.jpeg,0.2861281109751122
박세진,일식 타짜,후후세이지,서울 성북구 정릉로26길 32,,일식,흑수저,1라운드,불가,18:00 - 24:00,휴,18:00 - 24:00,18:00 - 24:00,18:00 - 24:00,18:00 - 24:00,18:00 - 24:00,127.0118195,37.6036016,,False,,False,https://search.pstatic.net/common/?src=https%3A%2F%2Fldb-phinf.pstatic.net%2F20240927_144%2F1727412818430bxxlz_JPEG%2F1000027258.jpg,
고석현,4.8.100,휘뚜루,서울 성동구 왕십리로2길 38 1층,,일식,흑수저,1라운드,불가,17:30 - 01:00,17:30 - 01:00,17:30 - 01:00,17:30 - 01:00,17:30 - 01:00,17:30 - 01:00,17:30 - 01:00,127.0487575,37.5426059,,False,https://app.catchtable.co.kr/ct/shop/whitturu_oden,True,https://ugc-images.catchtable.co.kr/catchtable/shopinfo/sbaaT7WQBOw4Ub5i3mCp4sw/b7deb413876a471aba4eb358b08d6eea,
